FishID,Sample type,Lake,Year,Sampling month,Sampling date,Temperature,Conductivity,Vol. pre-filtered water (L),Incub. Start time (24h),Incub. End time (24h),Time elapsed (min),Total length (mm),Fork length (mm),Wet.mass,Mass,Tag analysis date,TDN analysis date,TDP analysis date,DOC analysis date,Tag (µg/L),Tag excretion (µg),Tag.excretion.rate,TDN (µg/L),N excretion (µg),N.excretion.rate,TDP (µg/L),P excretion (µg),P.excretion.rate,DOC (mg/L),C excretion (mg),C excretion (mg C/ind/h),C.excretion.rate,Excreted.CN,Excreted.NP,Excreted.CP,Notes,Total.length.cm,Fork.length,ID,Species.code,Period,SiteClass,Treatment,massnorm.N.excr,massnorm.P.excr,massnorm.C.excr,massnorm.Tag.excr,massnorm.NP.excr,massnorm.CN.excr,massnorm.CP.excr,massnorm.NP.excr2,massnorm.NAg.excr,massnorm.PAg.excr
14L2221,F1,222,2014,8,13,17,NA,0.75,959,1028,29,80,75,4.908,1.227,2014-08-13,2016-03-25,2014-08-13,NA,10.18176103,1.2250255860000001,2.534535696,NA,NA,NA,12.08,6.09,12.6,NA,NA,NA,NA,NA,NA,NA,NA,8,75,NA,NA,During,Impact,1,NA,10.268948655256724,NA,2.0656362640586794,NA,NA,NA,NA,NA,44.32764556337107
14L2222,F2,222,2014,8,13,17,NA,0.75,959,1029,30,72,70,3.144,0.786,2014-08-13,2016-03-25,2014-08-13,NA,12.45709033,3.500354887,7.000709774,1124.027586,603.9915903,1207.983181,17.61,10.24,20.48,NA,NA,NA,NA,NA,130.6383345,NA,NA,7.2,70,NA,NA,During,Impact,1,1536.874276081425,26.0559796437659,NA,8.906755437659033,130.60644046805248,NA,NA,166.2065324427481,1318.7866918359618,26.084974128129502
14L2223,F3,222,2014,8,13,17,NA,0.75,1000,1030,30,80,76,4.73,1.1825,2014-08-13,2016-03-25,2014-08-13,NA,17.43472791,8.477992468,16.95598494,NA,NA,NA,16.54,9.44,18.88,NA,NA,NA,NA,NA,NA,NA,NA,8,76,NA,NA,During,Impact,1,NA,15.966173361522197,NA,14.33909931501057,NA,NA,NA,NA,NA,9.928451060930623
14L2224,F4,222,2014,8,13,17,NA,0.75,1000,1030,30,63,61,2.409,0.60225,2014-08-13,2016-03-25,2014-08-13,NA,15.93268435,6.9759489,13.9518978,NA,NA,NA,13.76,7.35,14.7,NA,NA,NA,NA,NA,NA,NA,NA,6.3,61,NA,NA,During,Impact,1,NA,24.408468244084684,NA,23.166289414694894,NA,NA,NA,NA,NA,9.394779253615233
14L2225,F5,222,2014,8,13,17,NA,0.75,1000,1030,30,77,72,3.773,0.94325,2014-08-13,2016-03-25,2014-08-13,NA,15.07349144,6.116755997,12.23351199,550.6801746,173.981032,347.962064,9.04,3.82,7.63,NA,NA,NA,NA,NA,100.9647735,NA,NA,7.7,72,NA,NA,During,Impact,1,368.8969668698648,8.089053803339517,NA,12.969532987012986,100.98131421082194,NA,NA,107.03925099390406,217.38846117612007,5.561294804164137
14L2226,F6,222,2014,8,13,17,NA,0.75,1001,1031,30,78,75,4.289,1.07225,2014-08-13,2016-03-25,2014-08-13,NA,14.10314774,5.146412292,10.29282458,NA,NA,NA,12.84,6.67,13.33,NA,NA,NA,NA,NA,NA,NA,NA,7.8,75,NA,NA,During,Impact,1,NA,12.4318022849149,NA,9.599276829097692,NA,NA,NA,NA,NA,11.547769588692114
14L2227,F7,222,2014,8,13,17,NA,0.75,1001,1032,31,75,72,3.491,0.87275,2014-08-13,2016-03-25,2014-08-13,NA,15.26190825,6.305172805,12.20356027,545.325764,169.9652241,328.9649498,19.7,11.81,22.85,NA,NA,NA,NA,NA,31.87309822,NA,NA,7.5,72,NA,NA,During,Impact,1,376.9291891148668,26.181609853910054,NA,13.982882005156116,31.878441524851517,NA,NA,36.52030732741335,206.02447652176602,16.695605940030593
14L2228,F8,222,2014,8,13,17,NA,0.75,1002,1032,30,62,60,2.254,0.5635,2014-08-13,2016-03-25,2014-08-13,NA,15.68209943,6.725363984,13.45072797,532.7301329,160.5185007,321.0370015,19.2,11.43,22.87,NA,NA,NA,NA,NA,31.08892261,NA,NA,6.2,60,NA,NA,During,Impact,1,569.7196122448979,40.58562555456965,NA,23.86996977817214,31.08297534667999,NA,NA,55.17111377107365,182.41688817945177,15.16082751219796
14L2229,F9,222,2014,8,13,17,NA,0.75,1003,1033,30,75,72,3.691,0.92275,2014-08-13,2016-03-25,2014-08-13,NA,14.36845577,5.411720322,10.82344064,486.2320394,125.6449306,251.2898611,8.86,3.68,7.35,NA,NA,NA,NA,NA,75.70442852,NA,NA,7.5,72,NA,NA,During,Impact,1,272.3271320509347,7.965321051205636,NA,11.729548241668924,75.70442851409136,NA,NA,82.04218750474126,177.44565464126893,6.055144771413464
14L22210,F10,222,2014,8,13,17,NA,0.75,1003,1034,31,66,64,2.226,0.5565,2014-08-13,2016-03-25,2014-08-13,NA,12.45850568,3.501770233,6.777619806,NA,NA,NA,17.04,9.82,19,NA,NA,NA,NA,NA,NA,NA,NA,6.6,64,NA,NA,During,Impact,1,NA,34.14195867026056,NA,12.179011331536387,NA,NA,NA,NA,NA,24.99648424018824
14L22211,F11,222,2014,8,13,17,NA,0.75,1004,1034,30,72,69,3.794,0.9485,2014-08-13,2016-03-25,2014-08-13,NA,12.86109,3.904354559,7.808709117,NA,NA,NA,17.58,10.21,20.43,NA,NA,NA,NA,NA,NA,NA,NA,7.2,69,NA,NA,During,Impact,1,NA,21.539272535582498,NA,8.232692795993675,NA,NA,NA,NA,NA,23.328759884705025
14L22212,F12,222,2014,8,13,17,NA,0.75,1004,1035,31,71,69,2.927,0.73175,2014-08-13,2016-03-25,2014-08-13,NA,13.32201569,4.365280245,8.448929506,NA,NA,NA,17.64,10.26,19.86,NA,NA,NA,NA,NA,NA,NA,NA,7.1,69,NA,NA,During,Impact,1,NA,27.140416809019474,NA,11.546196796720192,NA,NA,NA,NA,NA,20.959459997179906
14L22213,F13,222,2014,8,13,17,NA,0.75,1004,1036,32,80,77,4.931,1.23275,2014-08-13,2016-03-25,2014-08-13,NA,13.50996865,4.553233202,8.537312254,NA,NA,NA,8.2,3.19,5.97,NA,NA,NA,NA,NA,NA,NA,NA,8,77,NA,NA,During,Impact,1,NA,4.842831068748732,NA,6.925420607584668,NA,NA,NA,NA,NA,6.235276210619905
14L22214,F14,222,2014,8,13,17,NA,0.75,1005,1037,32,67,65,2.618,0.6545,2014-08-13,2016-03-25,2014-08-13,NA,14.5981282,5.641392755,10.57761142,NA,NA,NA,13.92,7.47,14.01,NA,NA,NA,NA,NA,NA,NA,NA,6.7,65,NA,NA,During,Impact,1,NA,21.405653170359052,NA,16.161361986249045,NA,NA,NA,NA,NA,11.81008594849668
14L22215,F15,222,2014,8,13,17,NA,0.75,1005,1037,32,70,66,2.924,0.731,2014-08-13,2016-03-25,2014-08-13,NA,14.46673702,5.510001574,10.33125295,NA,NA,NA,12.45,6.37,11.94,NA,NA,NA,NA,NA,NA,NA,NA,7,66,NA,NA,During,Impact,1,NA,16.333789329685363,NA,14.13304097127223,NA,NA,NA,NA,NA,10.305139223214935
14L22216,F16,222,2014,8,13,17,NA,0.75,1007,1038,31,71,68,3.352,0.838,2014-08-13,2016-03-25,2014-08-13,NA,13.39766808,4.440932629,8.595353476,NA,NA,NA,9.29,4,7.75,NA,NA,NA,NA,NA,NA,NA,NA,7.1,68,NA,NA,During,Impact,1,NA,9.24821002386635,NA,10.256985054892601,NA,NA,NA,NA,NA,8.039712021107656
14L22217,F17,222,2014,8,13,17,NA,0.75,1008,1038,30,83,78,5.2,1.3,2014-08-13,2016-03-25,2014-08-13,NA,13.27454609,4.31781064,8.63562128,NA,NA,NA,13.36,7.05,14.1,NA,NA,NA,NA,NA,NA,NA,NA,8.3,78,NA,NA,During,Impact,1,NA,10.846153846153845,NA,6.6427856,NA,NA,NA,NA,NA,14.55888301762117
14L22218,F18,222,2014,8,13,17,NA,0.75,1008,1039,31,78,72,3.628,0.907,2014-08-13,2016-03-25,2014-08-13,NA,16.5866252,7.629889756,14.76752856,NA,NA,NA,NA,NA,NA,NA,NA,NA,NA,NA,NA,NA,NA,7.8,72,NA,NA,During,Impact,1,NA,NA,NA,16.281729393605293,NA,NA,NA,NA,NA,NA
14L22219,F19,222,2014,8,13,17,NA,0.75,1009,1039,30,78,76,4.161,1.04025,2014-08-13,2016-03-25,2014-08-13,NA,16.03144455,7.074709101,14.1494182,418.6651424,74.96975783,149.9395157,12.39,6.32,12.65,NA,NA,NA,NA,NA,26.25225026,NA,NA,7.8,76,NA,NA,During,Impact,1,144.13796270127372,12.1605383321317,NA,13.60194011055035,26.245765029361937,NA,NA,25.236481864936316,80.99034761473695,7.9717647566126315
14L22220,F20,222,2014,8,13,17,NA,0.75,1009,1040,31,94,90,8.508,2.127,2014-08-13,2016-03-25,2014-08-13,NA,NA,NA,NA,NA,NA,NA,14.67,8.03,15.55,NA,NA,NA,NA,NA,NA,NA,NA,9.4,90,NA,NA,During,Impact,1,NA,7.3107663375646466,NA,NA,NA,NA,NA,NA,NA,NA
14L222C1,C1,222,2014,8,13,17,NA,0.75,958,1038,40,NA,NA,NA,NA,2014-08-13,2016-03-25,2014-08-13,NA,7.496427576,-1.46030787,NA,NA,NA,NA,4.01,0.04,NA,NA,NA,NA,NA,NA,NA,NA,NA,NA,NA,NA,NA,During,Impact,1,NA,NA,NA,NA,NA,NA,NA,NA,NA,NA
14L222C2,C2,222,2014,8,13,17,NA,0.75,958,1038,40,NA,NA,NA,NA,2014-08-13,2016-03-25,2014-08-13,NA,8.709408008,-0.247327438,NA,NA,NA,NA,3.96,0,NA,NA,NA,NA,NA,NA,NA,NA,NA,NA,NA,NA,NA,During,Impact,1,NA,NA,NA,NA,NA,NA,NA,NA,NA,NA
14L222C3,C3,222,2014,8,13,17,NA,0.75,958,1038,40,NA,NA,NA,NA,2014-08-13,2016-03-25,2014-08-13,NA,9.960951715,1.004216269,NA,NA,NA,NA,3.8,-0.12,NA,NA,NA,NA,NA,NA,NA,NA,NA,NA,NA,NA,NA,During,Impact,1,NA,NA,NA,NA,NA,NA,NA,NA,NA,NA
14L222C4,C4,222,2014,8,13,17,NA,0.75,958,1038,40,NA,NA,NA,NA,2014-08-13,2016-03-25,2014-08-13,NA,8.096811167,-0.859924279,NA,NA,NA,NA,3.91,-0.03,NA,NA,NA,NA,NA,NA,NA,NA,NA,NA,NA,NA,NA,During,Impact,1,NA,NA,NA,NA,NA,NA,NA,NA,NA,NA
14L222C5,C5,222,2014,8,13,17,NA,0.75,958,1038,40,NA,NA,NA,NA,2014-08-13,2016-03-25,2014-08-13,NA,10.52007876,1.563343318,NA,318.7054653,0,NA,4.1,0.11,NA,NA,NA,NA,NA,NA,NA,NA,NA,NA,NA,NA,NA,During,Impact,1,NA,NA,NA,NA,NA,NA,NA,NA,NA,NA
14L2391,F1,239,2014,8,15,18,NA,0.75,857,927,30,47,44,0.878,0.2195,NA,2016-03-25,2014-08-15,NA,NA,NA,NA,NA,NA,NA,11.32,5.06,10.12,NA,NA,NA,NA,NA,NA,NA,NA,4.7,44,NA,NA,During,Control,0,NA,46.10478359908883,NA,NA,NA,NA,NA,NA,NA,NA
14L2392,F2,239,2014,8,15,18,NA,0.75,858,928,30,51,48,1.29,0.3225,NA,2016-03-25,2014-08-15,NA,NA,NA,NA,NA,NA,NA,11.67,5.33,10.65,NA,NA,NA,NA,NA,NA,NA,NA,5.1,48,NA,NA,During,Control,0,NA,33.02325581395349,NA,NA,NA,NA,NA,NA,NA,NA
14L2393,F3,239,2014,8,15,18,NA,0.75,858,928,30,59,54,1.623,0.40575,NA,2016-03-25,2014-08-15,NA,NA,NA,NA,NA,NA,NA,19.75,11.38,22.77,NA,NA,NA,NA,NA,NA,NA,NA,5.9,54,NA,NA,During,Control,0,NA,56.11829944547135,NA,NA,NA,NA,NA,NA,NA,NA
14L2394,F4,239,2014,8,15,18,NA,0.75,859,929,30,47,43,0.715,0.17875,NA,2016-03-25,2014-08-15,NA,NA,NA,NA,NA,NA,NA,14.27,7.28,14.55,NA,NA,NA,NA,NA,NA,NA,NA,4.7,43,NA,NA,During,Control,0,NA,81.3986013986014,NA,NA,NA,NA,NA,NA,NA,NA
14L2395,F5,239,2014,8,15,18,NA,0.75,900,929,29,55,51,1.435,0.35875,NA,2016-03-25,2014-08-15,NA,NA,NA,NA,NA,NA,NA,13.31,6.56,13.56,NA,NA,NA,NA,NA,NA,NA,NA,5.5,51,NA,NA,During,Control,0,NA,37.79790940766551,NA,NA,NA,NA,NA,NA,NA,NA
14L2396,F6,239,2014,8,15,18,NA,0.75,900,931,31,48,45,0.891,0.22275,NA,2016-03-25,2014-08-15,NA,NA,NA,NA,NA,NA,NA,9.14,3.43,6.63,NA,NA,NA,NA,NA,NA,NA,NA,4.8,45,NA,NA,During,Control,0,NA,29.764309764309765,NA,NA,NA,NA,NA,NA,NA,NA
14L2397,F7,239,2014,8,15,18,NA,0.75,901,931,30,52,49,1.137,0.28425,NA,2016-03-25,2014-08-15,NA,NA,NA,NA,396.4830497,-18.14771276,NA,21.66796875,12.82,25.64,NA,NA,NA,NA,NA,NA,NA,NA,5.2,49,NA,NA,During,Control,0,NA,90.20228671943711,NA,NA,NA,NA,NA,NA,NA,NA
14L2398,F8,239,2014,8,15,18,NA,0.75,901,932,31,40,38,0.758,0.1895,NA,2016-03-25,2014-08-15,NA,NA,NA,NA,NA,NA,NA,7.95,2.53,4.9,NA,NA,NA,NA,NA,NA,NA,NA,4,38,NA,NA,During,Control,0,NA,25.857519788918207,NA,NA,NA,NA,NA,NA,NA,NA
14L2399,F9,239,2014,8,15,18,NA,0.75,901,933,32,50,47,0.949,0.23725,NA,2016-03-25,2014-08-15,NA,NA,NA,NA,NA,NA,NA,18.84,10.7,20.06,NA,NA,NA,NA,NA,NA,NA,NA,5,47,NA,NA,During,Control,0,NA,84.55216016859852,NA,NA,NA,NA,NA,NA,NA,NA
14L23910,F10,239,2014,8,15,18,NA,0.75,901,934,33,45,43,0.881,0.22025,NA,2016-03-25,2014-08-15,NA,NA,NA,NA,392.3475598,-21.24933017,NA,13.1,6.4,11.63,NA,NA,NA,NA,NA,NA,NA,NA,4.5,43,NA,NA,During,Control,0,NA,52.803632236095346,NA,NA,NA,NA,NA,NA,NA,NA
14L23911,F11,239,2014,8,15,18,NA,0.75,901,934,33,42,40,0.747,0.18675,NA,2016-03-25,2014-08-15,NA,NA,NA,NA,NA,NA,NA,NA,NA,NA,NA,NA,NA,NA,NA,NA,NA,NA,4.2,40,NA,NA,During,Control,0,NA,NA,NA,NA,NA,NA,NA,NA,NA,NA
14L23912,F12,239,2014,8,15,18,NA,0.75,901,935,34,45,43,0.853,0.21325,NA,2016-03-25,2014-08-15,NA,NA,NA,NA,305.2327681,-86.58542389,NA,19.05,10.86,19.17,NA,NA,NA,NA,NA,NA,NA,NA,4.5,43,NA,NA,During,Control,0,NA,89.89449003517,NA,NA,NA,NA,NA,NA,NA,NA
14L23913,F13,239,2014,8,15,18,NA,0.75,902,936,34,50,47,1.19,0.2975,NA,2016-03-25,2014-08-15,NA,NA,NA,NA,NA,NA,NA,18.25,10.26,18.1,NA,NA,NA,NA,NA,NA,NA,NA,5,47,NA,NA,During,Control,0,NA,60.840336134453786,NA,NA,NA,NA,NA,NA,NA,NA
14L23914,F14,239,2014,8,15,18,NA,0.75,903,936,33,50,47,1.099,0.27475,NA,2016-03-25,2014-08-15,NA,NA,NA,NA,NA,NA,NA,20.37,11.85,21.54,NA,NA,NA,NA,NA,NA,NA,NA,5,47,NA,NA,During,Control,0,NA,78.3985441310282,NA,NA,NA,NA,NA,NA,NA,NA
14L23915,F15,239,2014,8,15,18,NA,0.75,903,937,34,45,43,0.743,0.18575,NA,2016-03-25,2014-08-15,NA,NA,NA,NA,NA,NA,NA,12,5.57,9.83,NA,NA,NA,NA,NA,NA,NA,NA,4.5,43,NA,NA,During,Control,0,NA,52.920592193808886,NA,NA,NA,NA,NA,NA,NA,NA
14L23916,F16,239,2014,8,15,18,NA,0.75,903,937,34,48,45,0.928,0.232,NA,2016-03-25,2014-08-15,NA,NA,NA,NA,357.2795431,-47.55034271,NA,12.89,6.24,11.01,NA,NA,NA,NA,NA,NA,NA,NA,4.8,45,NA,NA,During,Control,0,NA,47.456896551724135,NA,NA,NA,NA,NA,NA,NA,NA
14L23917,F17,239,2014,8,15,18,NA,0.75,904,938,34,49,47,1.009,0.25225,NA,2016-03-25,2014-08-15,NA,NA,NA,NA,NA,NA,NA,18.28,10.28,18.14,NA,NA,NA,NA,NA,NA,NA,NA,4.9,47,NA,NA,During,Control,0,NA,71.9127849355798,NA,NA,NA,NA,NA,NA,NA,NA
14L23918,F18,239,2014,8,15,18,NA,0.75,904,938,34,47,45,0.882,0.2205,NA,2016-03-25,2014-08-15,NA,NA,NA,NA,NA,NA,NA,16.38,8.85,15.62,NA,NA,NA,NA,NA,NA,NA,NA,4.7,45,NA,NA,During,Control,0,NA,70.83900226757369,NA,NA,NA,NA,NA,NA,NA,NA
14L23919,F19,239,2014,8,15,18,NA,0.75,905,939,34,47,45,0.904,0.226,NA,2016-03-25,2014-08-15,NA,NA,NA,NA,NA,NA,NA,16.41,8.88,15.66,NA,NA,NA,NA,NA,NA,NA,NA,4.7,45,NA,NA,During,Control,0,NA,69.29203539823008,NA,NA,NA,NA,NA,NA,NA,NA
14L23920,F20,239,2014,8,15,18,NA,0.75,905,926,21,51,46,0.952,0.238,NA,2016-03-25,2014-08-15,NA,NA,NA,NA,519.3994651,74.03959881,211.5417109,14.44,7.4,21.14,NA,NA,NA,NA,NA,22.15704542,NA,NA,5.1,46,NA,NA,During,Control,0,888.8307180672269,88.82352941176471,NA,NA,22.157700492972022,NA,NA,93.09682949579832,NA,NA
14L239C1,C1,239,2014,8,15,18,NA,0.75,856,926,30,NA,NA,NA,NA,NA,2016-03-25,2014-08-15,NA,NA,NA,NA,NA,NA,NA,6.42,1.39,NA,NA,NA,NA,NA,NA,NA,NA,NA,NA,NA,NA,NA,During,Control,0,NA,NA,NA,NA,NA,NA,NA,NA,NA,NA
14L239C2,C2,239,2014,8,15,18,NA,0.75,856,926,30,NA,NA,NA,NA,NA,2016-03-25,2014-08-15,NA,NA,NA,NA,NA,NA,NA,2.88,-1.27,NA,NA,NA,NA,NA,NA,NA,NA,NA,NA,NA,NA,NA,During,Control,0,NA,NA,NA,NA,NA,NA,NA,NA,NA,NA
14L239C3,C3,239,2014,8,15,18,NA,0.75,856,926,30,NA,NA,NA,NA,NA,2016-03-25,2014-08-15,NA,NA,NA,NA,NA,NA,NA,27.28,17.03,NA,NA,NA,NA,NA,NA,NA,NA,NA,NA,NA,NA,NA,During,Control,0,NA,NA,NA,NA,NA,NA,NA,NA,NA,NA
14L239C4,C4,239,2014,8,15,18,NA,0.75,856,926,30,NA,NA,NA,NA,NA,2016-03-25,2014-08-15,NA,NA,NA,NA,NA,NA,NA,6.5,1.45,NA,NA,NA,NA,NA,NA,NA,NA,NA,NA,NA,NA,NA,During,Control,0,NA,NA,NA,NA,NA,NA,NA,NA,NA,NA
14L239C5,C5,239,2014,8,15,18,NA,0.75,856,926,30,NA,NA,NA,NA,NA,2016-03-25,2014-08-15,NA,NA,NA,NA,NA,NA,NA,2.48,-1.57,NA,NA,NA,NA,NA,NA,NA,NA,NA,NA,NA,NA,NA,During,Control,0,NA,NA,NA,NA,NA,NA,NA,NA,NA,NA
15L2221,F1,222,2015,8,12,20,28.7,0.75,924,954,30,45,36,0.815,0.20375,2015-08-12,2015-08-12,2015-08-12,2015-08-11,11.28660458,3.100083378,6.200166756,1736.831077,830.4521277,1660.904255,11.95,4.24,8.48,7.571533932,0.072329075,0.144658151,144.658151,0.101612024,433.4693558,44.04569851,NA,4.5,36,NA,NA,During,Impact,1,8151.677325153374,41.61963190184049,709.978655214724,30.430266287116567,433.6929911135445,0.10161202388715258,44.068422572720124,2127.4569609815953,2047.372989870689,12.195370916461417
15L2222,F2,222,2015,8,12,20,28.7,0.75,925,955,30,40,34,0.917,0.22925,2015-08-12,2015-08-12,2015-08-12,2015-08-11,NA,NA,NA,2048.323662,1064.071567,2128.143133,15.66,7.02,14.04,7.386749922,-0.112454935,NA,NA,NA,335.5454874,NA,NA,4,34,NA,NA,During,Impact,1,9283.067101417666,61.243184296619404,NA,NA,335.635109498372,NA,NA,1463.6662482006543,NA,NA
15L2223,F3,222,2015,8,12,20,28.7,0.75,925,956,31,42,35,0.752,0.188,2015-08-12,2015-08-12,2015-08-12,2015-08-11,16.4991986,8.312677404,16.08905304,1422.114765,594.4148936,1150.480439,14.91,6.46,12.5,7.75678398,0.257579124,0.49854024,498.5402397,0.505554253,203.7665265,103.0150342,NA,4.2,35,NA,NA,During,Impact,1,6119.576803191489,66.48936170212765,2651.809785638298,85.58006936170213,203.79939205142858,0.5055542536260368,103.03164953800001,1083.8645026595746,546.5180342850415,6.927588159242797
15L2224,F4,222,2015,8,12,20,28.7,0.75,926,957,31,52,41,1.41,0.3525,2015-08-12,2015-08-12,2015-08-12,2015-08-11,9.2441774,1.0576562,2.047076517,932.1083172,226.910058,439.1807575,18.11,8.86,17.15,7.684315094,0.185110237,0.358277878,358.277878,0.951751302,56.71322186,53.97688274,NA,5.2,41,NA,NA,During,Impact,1,1245.9028581560285,48.652482269503544,1016.3911432624113,5.807309268085106,56.70388789046232,0.9517513017784406,53.967999115646265,160.88857265248228,1639.702161394237,74.70206026174318
15L2225,F5,222,2015,8,12,20,28.7,0.75,926,959,33,50,40,1.151,0.28775,2015-08-12,2015-08-12,2015-08-12,2015-08-11,21.05421317,12.86769197,23.39580358,864.8130239,176.438588,320.7974327,18.7,9.3,16.92,7.429392386,-0.069812471,NA,NA,NA,41.9880243,NA,NA,5,40,NA,NA,During,Impact,1,1114.8477244135534,58.80104257167681,NA,81.30600722849695,41.98210238812901,NA,NA,145.91841633362293,104.79695392969396,6.44859235050904
15L2226,F6,222,2015,8,12,20,28.7,0.75,927,1001,34,45,36,1.088,0.272,2015-08-12,2015-08-12,2015-08-12,2015-08-11,13.67530235,5.488781152,9.686084386,792.2791747,122.0382012,215.3615315,19.73,10.08,17.78,7.347136704,-0.152068153,NA,NA,NA,26.8132659,NA,NA,4.5,36,NA,NA,During,Impact,1,791.7703363970588,65.36764705882352,NA,35.61060436029411,26.82069530973807,NA,NA,98.57818345588235,169.93217834241455,16.367639080501952
15L2227,F7,222,2015,8,12,20,28.7,0.75,927,1001,34,47,37,0.423,0.10575,2015-08-12,2015-08-12,2015-08-12,2015-08-11,9.980828767,1.794307567,3.166425119,800.7414571,128.384913,226.5616111,20.14,10.38,18.32,7.212684782,-0.286520075,NA,NA,NA,27.37994919,NA,NA,4.7,37,NA,NA,During,Impact,1,2142.42658250591,173.2387706855792,NA,29.94255431678487,27.383850374688084,NA,NA,258.9120490780142,546.8558271921848,51.58919828962275
15L2228,F8,222,2015,8,12,20,28.7,0.75,928,1003,35,52,41,1.232,0.308,2015-08-12,2015-08-12,2015-08-12,2015-08-11,10.35062982,2.164108619,3.709900489,1118.681496,366.839942,628.868472,14.95,6.49,11.13,7.323601792,-0.175603065,NA,NA,NA,125.0726822,NA,NA,5.2,41,NA,NA,During,Impact,1,2041.7807532467532,36.13636363636364,NA,12.045131457792207,125.11181255294568,NA,NA,406.08013701298705,1295.5473893151254,26.750717517695666
15L2229,F9,222,2015,8,12,20,28.7,0.75,929,1003,34,45,35,1.039,0.25975,2015-08-12,2015-08-12,2015-08-12,2015-08-11,9.363451135,1.176929935,2.07693518,830.5609284,150.7495164,266.0285584,17.06,8.08,14.25,7.510016935,0.010812078,0.019080138,19.08013817,0.083675833,41.32977374,3.45830324,NA,4.5,35,NA,NA,During,Impact,1,1024.1715434071223,54.8604427333975,73.4557773628489,7.9959005967276235,41.33777097944863,0.08367583289634267,3.4589724167836264,159.1136621366699,978.9512389940975,61.17788423228499
15L22210,F10,222,2015,8,12,20,28.7,0.75,929,1003,34,50,41,1.068,0.267,2015-08-12,2015-08-12,2015-08-12,2015-08-11,9.880790214,1.694269014,2.989886495,737.4758221,80.93568665,142.8276823,13.33,5.27,9.31,7.568737705,0.069532848,0.122705026,122.7050265,1.002297747,33.98442377,34.06251138,NA,5,41,NA,NA,During,Impact,1,534.9351397003745,34.8689138576779,459.5693876404494,11.198076760299625,33.970064073193186,1.0022977475004506,34.04811870300752,127.28248602996254,365.10134203749624,27.76498934173308
15L22211,F11,222,2015,8,12,20,28.7,0.75,930,1004,34,48,39,1.072,0.268,2015-08-12,2015-08-12,2015-08-12,2015-08-11,13.65044358,5.463922377,9.64221596,851.9181173,166.7674081,294.2954261,23.51,12.91,22.79,7.331990473,-0.167214383,NA,NA,NA,28.59446355,NA,NA,4.8,39,NA,NA,During,Impact,1,1098.117261567164,85.03731343283582,NA,35.978417761194024,28.593863878580827,NA,NA,106.69575951492537,233.27188571687742,21.07511739794442
15L22212,F12,222,2015,8,12,20,28.7,0.75,930,1004,34,47,37,1.125,0.28125,2015-08-12,2015-08-12,2015-08-12,2015-08-11,9.925195586,1.738674386,3.068248917,609.7356544,-14.86943907,NA,15.86,7.17,12.66,6.895313001,-0.603891856,NA,NA,NA,NA,NA,NA,4.7,37,NA,NA,During,Impact,1,NA,45.013333333333335,NA,10.909329482666667,NA,NA,NA,NA,NA,36.79134354926263
15L22213,F13,222,2015,8,12,20,28.7,0.75,931,1005,34,41,32,0.791,0.19775,2015-08-12,2015-08-12,2015-08-12,2015-08-11,9.270134495,1.083613295,1.912258756,870.8575113,180.9719536,319.362271,22.33,12.02,21.22,7.719733971,0.220529114,0.389169025,389.169025,1.421678671,33.32853949,47.38247374,NA,4.1,32,NA,NA,During,Impact,1,1614.9798786346398,107.307206068268,1967.9849557522123,9.670082204804045,33.32513262757507,1.4216786715130374,47.37763028196671,168.53875848293296,1276.4173291992652,98.94668599267048
15L22214,F14,222,2015,8,12,20,28.7,0.75,932,1006,34,50,39,1.14,0.285,2015-08-12,2015-08-12,2015-08-12,2015-08-11,12.3834466,4.196925401,7.406338943,956.6892328,245.3457447,432.9630788,19.29,9.75,17.21,6.79115354,-0.708051317,NA,NA,NA,55.71954641,NA,NA,5,39,NA,NA,During,Impact,1,1519.1686975438597,60.38596491228071,NA,25.987154185964915,55.70621500290528,NA,NA,195.50718038596492,446.7895656500472,20.7195261402896
15L22215,F15,222,2015,8,12,20,28.7,0.75,932,1006,34,45,37,0.983,0.24575,2015-08-12,2015-08-12,2015-08-12,2015-08-11,10.44594678,2.259425577,3.987221606,535.589942,-70.4787234,NA,12.79,4.88,8.6,7.313348959,-0.185855898,NA,NA,NA,NA,NA,NA,4.5,37,NA,NA,During,Impact,1,NA,34.99491353001017,NA,16.224706433367242,NA,NA,NA,NA,NA,19.232272722925586
15L22216,F16,222,2015,8,12,20,28.7,0.75,933,1006,33,42,33,0.738,0.1845,2015-08-12,2015-08-12,2015-08-12,2015-08-11,12.00593806,3.819416859,6.944394289,662.1212121,24.41972921,44.39950765,14.92,6.47,11.76,7.572232989,0.073028132,0.132778422,132.7784223,3.488961197,8.358996333,29.16421385,NA,4.2,33,NA,NA,During,Impact,1,240.6477379403794,63.739837398373986,719.6662455284552,37.638993436314365,8.359965604652574,3.488961196847866,29.16759560161564,45.306213186991876,48.86518248534071,15.099949057630473
15L22217,F17,222,2015,8,12,20,28.7,0.75,1009,1039,30,51,44,1.255,0.31375,2015-08-12,2015-08-12,2015-08-12,2015-08-11,9.589043696,1.402522496,2.805044991,1517.2147,665.7398453,1331.479691,15.26,6.73,13.45,7.369040483,-0.130164374,NA,NA,NA,219.1517924,NA,NA,5.1,44,NA,NA,During,Impact,1,4243.759971314741,42.86852589641435,NA,8.940382441434263,219.2027106797663,NA,NA,698.4917686055778,3627.8594816052178,42.754810368981595
15L22218,F18,222,2015,8,12,20,28.7,0.75,1010,1040,30,50,41,1.202,0.3005,2015-08-12,2015-08-12,2015-08-12,2015-08-11,12.48148518,4.294963982,8.589927964,955.4803353,244.4390716,488.8781431,17.54,8.44,16.88,7.303329145,-0.195875712,NA,NA,NA,64.14908968,NA,NA,5,41,NA,NA,During,Impact,1,1626.8823397670549,56.17304492512479,NA,28.585450795341096,64.13008816900812,NA,NA,213.4745080865225,434.9775485472945,17.522071659288404
15L22219,F19,222,2015,8,12,20,28.7,0.75,1011,1041,30,50,43,1.214,0.3035,2015-08-12,2015-08-12,2015-08-12,2015-08-11,8.685271636,0.498750436,0.997500871,772.5338491,107.229207,214.4584139,16.54,7.69,15.38,7.238549883,-0.260654974,NA,NA,NA,30.8859969,NA,NA,5,43,NA,NA,During,Impact,1,706.6175087314663,50.67545304777595,NA,3.2866585535420096,30.875955930243357,NA,NA,101.76605238879736,1643.1815431682255,137.4819183825388
15L22220,F20,222,2015,8,12,20,28.7,0.75,1011,1041,30,53,44,1.366,0.3415,2015-08-12,2015-08-12,2015-08-12,2015-08-11,9.932376091,1.745854891,3.491709782,977.24049,260.7591876,521.5183752,20.61,10.73,21.47,7.500463159,0.001258302,0.002516604,2.51660443,0.005629789,53.78937703,0.302822852,NA,5.3,44,NA,NA,During,Impact,1,1527.1401909224012,62.86969253294289,7.369266266471449,10.224626008784773,53.78624536296494,0.005629789171936097,0.30280522174351815,157.50915674963395,1141.529705468681,54.82724661717986
15L222C1,C1,222,2015,8,12,20,28.7,0.75,935,1006,31,NA,NA,NA,NA,2015-08-12,2015-08-12,2015-08-12,2015-08-11,8.834483075,0.647961875,NA,719.3423598,67.33558994,NA,5.79,-0.38,NA,7.515609389,0.016404533,NA,NA,NA,NA,NA,NA,NA,NA,NA,NA,During,Impact,1,NA,NA,NA,NA,NA,NA,NA,NA,NA,NA
15L222C2,C2,222,2015,8,12,20,28.7,0.75,933,1006,33,NA,NA,NA,NA,2015-08-12,2015-08-12,2015-08-12,2015-08-11,5.806838912,-2.379682288,NA,549.693746,-59.90087041,NA,NA,NA,NA,7.799193425,0.299988569,NA,NA,NA,NA,NA,NA,NA,NA,NA,NA,During,Impact,1,NA,NA,NA,NA,NA,NA,NA,NA,NA,NA
15L222C3,C3,222,2015,8,12,20,28.7,0.75,1012,1042,30,NA,NA,NA,NA,2015-08-12,2015-08-12,2015-08-12,2015-08-11,9.005730904,0.819209704,NA,810.0096712,135.3360735,NA,8.2,1.43,NA,7.452694278,-0.046510578,NA,NA,NA,NA,NA,NA,NA,NA,NA,NA,During,Impact,1,NA,NA,NA,NA,NA,NA,NA,NA,NA,NA
15L222C4,C4,222,2015,8,12,20,28.7,0.75,1013,1043,30,NA,NA,NA,NA,2015-08-12,2015-08-12,2015-08-12,2015-08-11,9.257656297,1.071135097,NA,654.4648614,18.67746615,NA,4.01,-1.71,NA,7.661013201,0.161808344,NA,NA,NA,NA,NA,NA,NA,NA,NA,NA,During,Impact,1,NA,NA,NA,NA,NA,NA,NA,NA,NA,NA
15L222C5,C5,222,2015,8,12,20,28.7,0.75,1015,1045,30,NA,NA,NA,NA,2015-08-12,2015-08-12,2015-08-12,2015-08-11,8.027896813,-0.158624388,NA,414.2972276,-161.4482592,NA,7.17,0.66,NA,7.067513989,-0.431690867,NA,NA,NA,NA,NA,NA,NA,NA,NA,NA,During,Impact,1,NA,NA,NA,NA,NA,NA,NA,NA,NA,NA
15L2391,F1,239,2015,8,12,16,28.4,0.75,845,915,30,42,35,0.603,0.15075,NA,2015-08-11,2015-08-11,2015-08-11,NA,NA,NA,295.9373148,-3.39951393,NA,17.86,10.76,21.51,11.35086794,0.332051973,0.664103947,664.1039469,NA,NA,79.74822723,NA,4.2,35,NA,NA,During,Control,0,NA,142.6865671641791,4405.332981094527,NA,NA,NA,79.7583385785681,NA,NA,NA
15L2392,F2,239,2015,8,12,16,28.4,0.75,846,916,30,41,34,0.667,0.16675,NA,2015-08-11,2015-08-11,2015-08-11,NA,NA,NA,318.1661233,13.27209247,NA,18.36,11.13,22.26,11.51724345,0.498427489,0.996854977,996.8549772,NA,NA,115.6735498,NA,4.1,34,NA,NA,During,Control,0,NA,133.49325337331334,5978.140792803598,NA,NA,NA,115.68772197214734,NA,NA,NA
15L2393,F3,239,2015,8,12,16,28.4,0.75,847,917,30,46,38,0.804,0.201,NA,2015-08-11,2015-08-11,2015-08-11,NA,NA,NA,321.8709247,16.05069354,NA,11.08,5.67,11.34,11.36065473,0.341838768,0.683677537,683.6775369,NA,NA,155.734942,NA,4.6,38,NA,NA,During,Control,0,NA,56.41791044776119,3401.3807805970146,NA,NA,NA,155.74664641313933,NA,NA,NA
15L2394,F4,239,2015,8,12,16,28.4,0.75,847,917,30,40,34,0.583,0.14575,NA,2015-08-11,2015-08-11,2015-08-11,NA,NA,NA,327.4281269,20.21859514,40.43719028,16.11,9.44,18.89,10.87877159,-0.140044376,NA,NA,NA,4.740617623,NA,NA,4,34,NA,NA,During,Control,0,277.4421288507719,129.60548885077188,NA,NA,4.740047261135899,NA,NA,32.52567837392796,NA,NA
15L2395,F5,239,2015,8,12,16,28.4,0.75,848,918,30,44,35,0.679,0.16975,NA,2015-08-11,2015-08-11,2015-08-11,NA,NA,NA,323.7233254,17.43999407,34.87998814,17.29,10.33,20.67,10.8925197,-0.126296259,NA,NA,NA,3.736723808,NA,NA,4.4,35,NA,NA,During,Control,0,205.4785751988218,121.76730486008837,NA,NA,3.7365389188610134,NA,NA,22.013100488954343,NA,NA
15L2396,F6,239,2015,8,12,16,28.4,0.75,848,918,30,45,36,0.569,0.14225,NA,2015-08-11,2015-08-11,2015-08-11,NA,NA,NA,269.2627445,-23.40544161,NA,15.11,8.69,17.39,10.91535556,-0.103460404,NA,NA,NA,NA,NA,NA,4.5,36,NA,NA,During,Control,0,NA,122.24956063268894,NA,NA,NA,NA,NA,NA,NA,NA
15L2397,F7,239,2015,8,12,16,28.4,0.75,849,919,30,46,38,0.777,0.19425,NA,2015-08-11,2015-08-11,2015-08-11,NA,NA,NA,234.067131,-49.80215175,NA,10.73,5.41,10.83,11.09058579,0.07176983,0.14353966,143.5396601,NA,NA,34.25431903,NA,4.6,38,NA,NA,During,Control,0,NA,55.75289575289575,738.9429091377091,NA,NA,NA,34.23922332333025,NA,NA,NA
15L2398,F8,239,2015,8,12,16,28.4,0.75,850,920,30,45,36,0.761,0.19025,NA,2015-08-11,2015-08-11,2015-08-11,NA,NA,NA,260.7417012,-29.79622407,NA,10.86,5.51,11.01,11.18495846,0.166142496,0.332284992,332.2849924,NA,NA,77.94644103,NA,4.5,36,NA,NA,During,Control,0,NA,57.8712220762155,1746.5702622864653,NA,NA,NA,77.96574904934909,NA,NA,NA
15L2399,F9,239,2015,8,12,16,28.4,0.75,851,921,30,44,36,0.715,0.17875,NA,2015-08-11,2015-08-11,2015-08-11,NA,NA,NA,267.0398637,-25.07260225,NA,17.48,10.48,20.95,10.97663954,-0.042176426,NA,NA,NA,NA,NA,NA,4.4,36,NA,NA,During,Control,0,NA,117.2027972027972,NA,NA,NA,NA,NA,NA,NA,NA
15L23910,F10,239,2015,8,12,16,28.4,0.75,851,921,30,43,35,0.711,0.17775,NA,2015-08-11,2015-08-11,2015-08-11,NA,NA,NA,247.4044161,-39.79918791,NA,11.73,6.16,12.33,11.02114615,0.002330189,0.004660379,4.660378575,NA,NA,0.976802379,NA,4.3,35,NA,NA,During,Control,0,NA,69.36708860759494,26.218726160337557,NA,NA,NA,0.9764242756488242,NA,NA,NA
15L23911,F11,239,2015,8,12,16,28.4,0.75,852,922,30,44,36,0.795,0.19875,NA,2015-08-11,2015-08-11,2015-08-11,NA,NA,NA,238.5128927,-46.46783047,NA,15.98,9.35,18.7,11.38162644,0.362810472,0.725620944,725.6209441,NA,NA,100.2405342,NA,4.4,36,NA,NA,During,Control,0,NA,94.0880503144654,3650.9229891823898,NA,NA,NA,100.24175252718359,NA,NA,NA
15L23912,F12,239,2015,8,12,16,28.4,0.75,853,923,30,46,37,0.704,0.176,NA,2015-08-11,2015-08-11,2015-08-11,NA,NA,NA,237.4014523,-47.30141079,NA,12.45,6.7,13.4,11.06099239,0.042176426,0.084352852,84.3528522,NA,NA,16.25798759,NA,4.6,37,NA,NA,During,Control,0,NA,76.13636363636364,479.27756931818186,NA,NA,NA,16.262054839552242,NA,NA,NA
15L23913,F13,239,2015,8,12,16,28.4,0.75,853,923,30,43,36,0.722,0.1805,NA,2015-08-11,2015-08-11,2015-08-11,NA,NA,NA,163.3054238,-102.8734321,NA,12.7,6.89,13.79,11.14068486,0.1218689,0.243737799,243.7377995,NA,NA,45.67632907,NA,4.3,36,NA,NA,During,Control,0,NA,76.398891966759,1350.34791966759,NA,NA,NA,45.66033227278222,NA,NA,NA
15L23914,F14,239,2015,8,12,16,28.4,0.75,941,1011,30,41,35,0.589,0.14725,NA,2015-08-11,2015-08-11,2015-08-11,NA,NA,NA,225.5460877,-56.1929342,NA,10.93,5.56,11.13,10.66952059,-0.349295374,NA,NA,NA,NA,NA,NA,4.1,35,NA,NA,During,Control,0,NA,75.58573853989814,NA,NA,NA,NA,NA,NA,NA,NA
15L23915,F15,239,2015,8,12,16,28.4,0.75,942,1012,30,41,34,0.611,0.15275,NA,2015-08-11,2015-08-11,2015-08-11,NA,NA,NA,230.3623296,-52.58075282,NA,5.93,1.81,3.63,11.25160187,0.23278591,0.46557182,465.5718196,NA,NA,331.6880354,NA,4.1,34,NA,NA,During,Control,0,NA,23.76432078559738,3047.933352536825,NA,NA,NA,331.32980733700646,NA,NA,NA
15L23916,F16,239,2015,8,12,16,28.4,0.75,943,1013,30,47,40,0.81,0.2025,NA,2015-08-11,2015-08-11,2015-08-11,NA,NA,NA,354.2553191,40.33898936,80.67797872,13.41,7.42,14.84,11.0032037,-0.015612268,NA,NA,NA,12.0363989,NA,NA,4.7,40,NA,NA,During,Control,0,398.4097714567901,73.28395061728395,NA,NA,12.03801184212553,NA,NA,59.43900691358024,NA,NA
15L23917,F17,239,2015,8,12,16,28.4,0.75,943,1013,30,39,33,0.497,0.12425,NA,2015-08-11,2015-08-11,2015-08-11,NA,NA,NA,402.2082527,76.30368956,152.6073791,4.16,0.48,0.97,11.27793301,0.259117049,0.518234098,518.2340975,3.961842806,349.4522342,1384.47482,NA,3.9,33,NA,NA,During,Control,0,1228.2284032193159,7.806841046277666,4170.8981690140845,NA,348.36736024300444,3.9618428063504654,1380.1767201460482,2812.492830583501,NA,NA
15L23918,F18,239,2015,8,12,16,28.4,0.75,944,1014,30,41,35,0.538,0.1345,NA,2015-08-11,2015-08-11,2015-08-11,NA,NA,NA,471.1154094,127.9840571,255.9681141,15.36,8.89,17.77,11.21478488,0.195968919,0.391937838,391.9378381,1.786397547,31.88886569,56.96619144,NA,4.1,35,NA,NA,During,Control,0,1903.1086550185873,132.1189591078067,2914.0359710037173,NA,31.895697150494414,1.7863975469148745,56.978395146782965,237.09193821561337,NA,NA
15L23919,F19,239,2015,8,12,16,28.4,0.75,944,1014,30,45,39,0.764,0.191,NA,2015-08-11,2015-08-11,2015-08-11,NA,NA,NA,602.8852353,226.8114265,453.622853,11.57,6.04,12.08,11.29517641,0.276360449,0.552720899,552.720899,1.421535632,83.14558254,118.1944082,NA,4.5,39,NA,NA,During,Control,0,2374.9887591623037,63.246073298429316,2893.826696335079,NA,83.14988436021761,1.4215356315686623,118.20052337886315,435.31718607329844,NA,NA
15L23920,F20,239,2015,8,12,16,28.4,0.75,945,1015,30,41,35,0.638,0.1595,NA,2015-08-11,2015-08-11,2015-08-11,NA,NA,NA,384.4777563,63.00581721,126.0116344,12.04,6.4,12.79,10.94681311,-0.072002849,NA,NA,NA,21.80914941,NA,NA,4.1,35,NA,NA,During,Control,0,790.041594984326,80.18808777429466,NA,NA,21.815931343683687,NA,NA,136.73447905956112,NA,NA
15L239C1,C1,239,2015,8,12,16,28.4,0.75,830,900,30,NA,NA,NA,NA,NA,2015-08-11,2015-08-11,2015-08-11,NA,NA,NA,813.6363636,NA,NA,4.98,1.1,NA,11.66637557,0.647559603,NA,NA,NA,NA,NA,NA,NA,NA,NA,NA,During,Control,0,NA,NA,NA,NA,NA,NA,NA,NA,NA,NA
15L239C2,C2,239,2015,8,12,16,28.4,0.75,830,900,30,NA,NA,NA,NA,NA,2015-08-11,2015-08-11,2015-08-11,NA,NA,NA,479.5776918,NA,NA,3.05,-0.35,NA,11.18612355,0.167307591,NA,NA,NA,NA,NA,NA,NA,NA,NA,NA,During,Control,0,NA,NA,NA,NA,NA,NA,NA,NA,NA,NA
15L239C3,C3,239,2015,8,12,16,28.4,0.75,830,900,30,NA,NA,NA,NA,NA,2015-08-11,2015-08-11,2015-08-11,NA,NA,NA,525.9187621,NA,NA,3.68,0.13,NA,11.2075613,0.188745332,NA,NA,NA,NA,NA,NA,NA,NA,NA,NA,During,Control,0,NA,NA,NA,NA,NA,NA,NA,NA,NA,NA
15L239C4,C4,239,2015,8,12,16,28.4,0.75,830,900,30,NA,NA,NA,NA,NA,2015-08-11,2015-08-11,2015-08-11,NA,NA,NA,398.5815603,NA,NA,4.18,0.5,NA,10.50524224,-0.513573719,NA,NA,NA,NA,NA,NA,NA,NA,NA,NA,During,Control,0,NA,NA,NA,NA,NA,NA,NA,NA,NA,NA
15L239C5,C5,239,2015,8,12,16,28.4,0.75,831,901,30,NA,NA,NA,NA,NA,2015-08-11,2015-08-11,2015-08-11,NA,NA,NA,704.0296583,NA,NA,1.68,-1.37,NA,10.52877716,-0.490038807,NA,NA,NA,NA,NA,NA,NA,NA,NA,NA,During,Control,0,NA,NA,NA,NA,NA,NA,NA,NA,NA,NA
12L2221,F1,222,2012,8,7,NA,NA,0.75,1019,1051,32,90,85,6,1.5,NA,NA,NA,NA,NA,NA,NA,542.9622873,195.3699603,366.3186756,8.289527203,5.91,11.08549724,NA,NA,NA,NA,NA,73.17075567,NA,NA,9,85,NA,NA,Before,Impact,0,244.2124504,7.390331493333334,NA,NA,73.17075569062546,NA,NA,48.780503780000004,NA,NA
12L2222,F2,222,2012,8,7,NA,NA,0.75,1019,1052,33,80,77,5,1.25,NA,NA,NA,NA,NA,NA,NA,433.1575605,85.56523357,155.573152,6.100164611,3.72,6.768913828,NA,NA,NA,NA,NA,50.89197716,NA,NA,8,77,NA,NA,Before,Impact,0,124.4585216,5.4151310623999995,NA,NA,50.89197716995963,NA,NA,40.713581728,NA,NA
12L2223,F3,222,2012,8,7,NA,NA,0.75,1020,1053,33,84,81,6,1.5,NA,NA,NA,NA,NA,NA,NA,481.1443052,133.5519782,242.8217786,9.310243546,6.93,12.60542098,NA,NA,NA,NA,NA,42.65441005,NA,NA,8.4,81,NA,NA,Before,Impact,0,161.88118573333333,8.403613986666667,NA,NA,42.65441006091877,NA,NA,28.43627336666667,NA,NA
12L2224,F4,222,2012,8,7,NA,NA,0.75,1020,1054,34,81,76,6,1.5,NA,NA,NA,NA,NA,NA,NA,393.7031967,46.11086974,81.37212307,3.984766972,1.61,2.836773469,NA,NA,NA,NA,NA,63.51622067,NA,NA,8.1,76,NA,NA,Before,Impact,0,54.24808204666667,1.8911823126666667,NA,NA,63.516220672536186,NA,NA,42.344147113333335,NA,NA
12L2225,F5,222,2012,8,7,NA,NA,0.75,1021,1055,34,82,79,6,1.5,NA,NA,NA,NA,NA,NA,NA,451.4761994,103.8838725,183.3244809,13.30435098,10.93,19.28309818,NA,NA,NA,NA,NA,21.05122192,NA,NA,8.2,79,NA,NA,Before,Impact,0,122.2163206,12.855398786666667,NA,NA,21.05122192224996,NA,NA,14.034147946666666,NA,NA
12L2226,F6,222,2012,8,7,NA,NA,0.75,1022,1056,34,91,86,9,2.25,NA,NA,NA,NA,NA,NA,NA,486.0674385,138.4751116,244.3678439,17.41680233,15.04,26.54036528,NA,NA,NA,NA,NA,20.38782135,NA,NA,9.1,86,NA,NA,Before,Impact,0,108.60793062222223,11.795717902222222,NA,NA,20.387821345711767,NA,NA,9.061253933333333,NA,NA
12L2227,F7,222,2012,8,7,NA,NA,0.75,1023,1057,34,107,104,15,3.75,NA,NA,NA,NA,NA,NA,NA,650.3521877,302.7598608,534.2821073,15.58247151,13.21,23.30331089,NA,NA,NA,NA,NA,50.76760307,NA,NA,10.7,104,NA,NA,Before,Impact,0,142.47522861333334,6.214216237333333,NA,NA,50.767603074828884,NA,NA,13.538027485333334,NA,NA
12L2228,F8,222,2012,8,7,NA,NA,0.75,1024,1059,35,53,49,3,0.75,NA,NA,NA,NA,NA,NA,NA,415.4748727,67.88254581,116.3700785,5.715546859,3.34,5.722774033,NA,NA,NA,NA,NA,45.02652052,NA,NA,5.3,49,NA,NA,Before,Impact,0,155.16010466666668,7.630365377333334,NA,NA,45.026520513824586,NA,NA,60.03536069333333,NA,NA
12L2229,F9,222,2012,8,7,NA,NA,0.75,1025,1100,35,55,53,1,0.25,NA,NA,NA,NA,NA,NA,NA,399.5229592,51.93063223,89.02394097,5.848683773,3.47,5.951008743,NA,NA,NA,NA,NA,33.12454228,NA,NA,5.5,53,NA,NA,Before,Impact,0,356.09576388,23.804034972,NA,NA,33.12454228052639,NA,NA,132.49816912,NA,NA
12L22210,F10,222,2012,8,7,NA,NA,0.75,1026,1101,35,56,54,2,0.5,NA,NA,NA,NA,NA,NA,NA,394.4595332,46.86720624,80.34378212,12.0173608,9.64,16.52588366,NA,NA,NA,NA,NA,10.76517859,NA,NA,5.6,54,NA,NA,Before,Impact,0,160.68756424,33.05176732,NA,NA,10.765178591363748,NA,NA,21.53035718,NA,NA
12L22211,F11,222,2012,8,7,NA,NA,0.75,1027,1102,35,52,50,1,0.25,NA,NA,NA,NA,NA,NA,NA,419.8992172,72.30689028,123.954669,8.940418784,6.56,11.25112591,NA,NA,NA,NA,NA,24.39498546,NA,NA,5.2,50,NA,NA,Before,Impact,0,495.818676,45.00450364,NA,NA,24.3949854424582,NA,NA,97.57994184,NA,NA
12L22212,F12,222,2012,8,7,NA,NA,0.75,1028,1103,35,55,53,1,0.25,NA,NA,NA,NA,NA,NA,NA,392.8836395,45.29131254,77.64225007,8.319113184,5.94,10.18603059,NA,NA,NA,NA,NA,16.87822588,NA,NA,5.5,53,NA,NA,Before,Impact,0,310.56900028,40.74412236,NA,NA,16.878225883572576,NA,NA,67.51290352,NA,NA
12L22213,F13,222,2012,8,7,NA,NA,0.75,1029,1104,35,57,55,1,0.25,NA,NA,NA,NA,NA,NA,NA,375.8169751,28.22464813,48.38511109,5.833890782,3.46,5.925649331,NA,NA,NA,NA,NA,18.08045908,NA,NA,5.7,55,NA,NA,Before,Impact,0,193.54044436,23.702597324,NA,NA,18.08045908322993,NA,NA,72.32183632,NA,NA
12L22214,F14,222,2012,8,7,NA,NA,0.75,1030,1105,35,51,49,1,0.25,NA,NA,NA,NA,NA,NA,NA,364.881164,17.2888371,29.63800646,8.171183279,5.79,9.932436468,NA,NA,NA,NA,NA,6.607342973,NA,NA,5.1,49,NA,NA,Before,Impact,0,118.55202584,39.729745872,NA,NA,6.607342973269518,NA,NA,26.429371892,NA,NA
12L22215,F15,222,2012,8,7,NA,NA,0.75,1030,1107,37,52,50,2,0.5,NA,NA,NA,NA,NA,NA,NA,430.6552073,83.06288035,134.6965627,8.156390288,5.78,9.371559377,NA,NA,NA,NA,NA,31.82572533,NA,NA,5.2,50,NA,NA,Before,Impact,0,269.3931254,18.743118754,NA,NA,31.825725319736183,NA,NA,63.65145066,NA,NA
12L22216,F16,222,2012,8,7,NA,NA,0.75,1031,1108,37,55,53,1,0.25,NA,NA,NA,NA,NA,NA,NA,372.5111665,24.91883955,40.40892901,5.271757144,2.89,4.6937759,NA,NA,NA,NA,NA,19.06288586,NA,NA,5.5,53,NA,NA,Before,Impact,0,161.63571604,18.7751036,NA,NA,19.0628858604921,NA,NA,76.25154344,NA,NA
12L22217,F17,222,2012,8,7,NA,NA,0.75,1032,1109,37,55,53,1,0.25,NA,NA,NA,NA,NA,NA,NA,388.3778242,40.78549724,66.13864418,11.18895334,8.81,14.28922919,NA,NA,NA,NA,NA,10.24896816,NA,NA,5.5,53,NA,NA,Before,Impact,0,264.55457672,57.15691676,NA,NA,10.248968157952822,NA,NA,40.99587264,NA,NA
12L22218,F18,222,2012,8,7,NA,NA,0.75,1033,1110,37,55,51,1,0.25,NA,NA,NA,NA,NA,NA,NA,356.9890105,9.396683552,15.23786522,5.700753868,3.32,5.389446263,NA,NA,NA,NA,NA,6.260566601,NA,NA,5.5,51,NA,NA,Before,Impact,0,60.95146088,21.557785052,NA,NA,6.260566601154947,NA,NA,25.042266404,NA,NA
12L22219,F19,222,2012,8,7,NA,NA,0.75,1034,1111,37,52,51,2,0.5,NA,NA,NA,NA,NA,NA,NA,384.2603149,36.66798802,59.46160219,6.543954326,4.17,6.756798356,NA,NA,NA,NA,NA,19.48629652,NA,NA,5.2,51,NA,NA,Before,Impact,0,118.92320438,13.513596712,NA,NA,19.48629651807492,NA,NA,38.97259304,NA,NA
12L22220,F20,222,2012,8,7,NA,NA,0.75,1034,1112,38,50,48,1,0.25,NA,NA,NA,NA,NA,NA,NA,353.1976505,5.605323595,8.850510939,7.756979545,5.38,8.494290852,NA,NA,NA,NA,NA,2.307144914,NA,NA,5,48,NA,NA,Before,Impact,0,35.402043756,33.977163408,NA,NA,2.3071449138974147,NA,NA,9.228579656,NA,NA
12L222C1,C1,222,2012,8,7,NA,NA,0.75,NA,NA,NA,NA,NA,NA,NA,NA,NA,NA,NA,NA,NA,NA,406.4260872,58.83376027,NA,2.387124,NA,NA,NA,NA,NA,NA,NA,NA,NA,NA,NA,NA,NA,NA,Before,Impact,0,NA,NA,NA,NA,NA,NA,NA,NA,NA,NA
12L222C2,C2,222,2012,8,7,NA,NA,0.75,NA,NA,NA,NA,NA,NA,NA,NA,NA,NA,NA,NA,NA,NA,320.1553392,-27.43698772,NA,2.653397828,NA,NA,NA,NA,NA,NA,NA,NA,NA,NA,NA,NA,NA,NA,Before,Impact,0,NA,NA,NA,NA,NA,NA,NA,NA,NA,NA
12L222C3,C3,222,2012,8,7,NA,NA,0.75,NA,NA,NA,NA,NA,NA,NA,NA,NA,NA,NA,NA,NA,NA,316.1955544,-31.39677255,NA,2.09126419,NA,NA,NA,NA,NA,NA,NA,NA,NA,NA,NA,NA,NA,NA,Before,Impact,0,NA,NA,NA,NA,NA,NA,NA,NA,NA,NA
12L222C4,C4,222,2012,8,7,NA,NA,0.75,NA,NA,NA,NA,NA,NA,NA,NA,NA,NA,NA,NA,NA,NA,NA,NA,NA,NA,NA,NA,NA,NA,NA,NA,NA,NA,NA,NA,NA,NA,NA,NA,Before,Impact,0,NA,NA,NA,NA,NA,NA,NA,NA,NA,NA
12L222C5,C5,222,2012,8,7,NA,NA,0.75,NA,NA,NA,NA,NA,NA,NA,NA,NA,NA,NA,NA,NA,NA,NA,NA,NA,NA,NA,NA,NA,NA,NA,NA,NA,NA,NA,NA,NA,NA,NA,NA,Before,Impact,0,NA,NA,NA,NA,NA,NA,NA,NA,NA,NA
12L2391,F1,239,2012,8,6,NA,NA,0.75,957,1027,30,60,57,1,0.25,NA,NA,NA,NA,NA,NA,NA,392.087753,48.77698629,97.55397258,11.82505193,8.96,17.91924247,NA,NA,NA,NA,NA,12.05477119,NA,NA,6,57,NA,NA,Before,Control,0,390.21589032,71.67696988,NA,NA,12.054771188980641,NA,NA,48.21908476,NA,NA
12L2392,F2,239,2012,8,6,NA,NA,0.75,957,1027,30,49,45,1,0.25,NA,NA,NA,NA,NA,NA,NA,345.408789,2.098022228,4.196044455,11.14457437,8.28,16.55828735,NA,NA,NA,NA,NA,0.561123327,NA,NA,4.9,45,NA,NA,Before,Control,0,16.78417782,66.2331494,NA,NA,0.5611233273599571,NA,NA,2.244493308,NA,NA
12L2393,F3,239,2012,8,6,NA,NA,0.75,958,1028,30,58,55,1,0.25,NA,NA,NA,NA,NA,NA,NA,377.4976134,34.18684666,68.37369333,11.69191501,8.83,17.65296864,NA,NA,NA,NA,NA,8.576398419,NA,NA,5.8,55,NA,NA,Before,Control,0,273.49477332,70.61187456,NA,NA,8.576398421198999,NA,NA,34.305593676,NA,NA
12L2394,F4,239,2012,8,6,NA,NA,0.75,959,1030,31,59,55,1,0.25,NA,NA,NA,NA,NA,NA,NA,356.6571926,13.34642587,25.831792,15.12388881,12.26,23.72604796,NA,NA,NA,NA,NA,2.410808917,NA,NA,5.9,55,NA,NA,Before,Control,0,103.327168,94.90419184,NA,NA,2.4108089175421195,NA,NA,9.643235668,NA,NA
12L2395,F5,239,2012,8,6,NA,NA,0.75,959,1030,31,60,56,1,0.25,NA,NA,NA,NA,NA,NA,NA,392.4907046,49.17993788,95.18697654,12.10611875,9.24,17.88520269,NA,NA,NA,NA,NA,11.78466725,NA,NA,6,56,NA,NA,Before,Control,0,380.74790616,71.54081076,NA,NA,11.784667246539964,NA,NA,47.138669,NA,NA
12L2396,F6,239,2012,8,6,NA,NA,0.75,1000,1030,30,59,56,1,0.25,NA,NA,NA,NA,NA,NA,NA,392.4128137,49.10204703,98.20409405,12.29842762,9.43,18.86599386,NA,NA,NA,NA,NA,11.52613131,NA,NA,5.9,56,NA,NA,Before,Control,0,392.8163762,75.46397544,NA,NA,11.526131310809497,NA,NA,46.10452524,NA,NA
12L2397,F7,239,2012,8,6,NA,NA,0.75,1001,1030,29,56,53,1,0.25,NA,NA,NA,NA,NA,NA,NA,405.7922492,62.4814825,129.2720327,8.378285146,5.51,11.40590577,NA,NA,NA,NA,NA,25.09622833,NA,NA,5.6,53,NA,NA,Before,Control,0,517.0881308,45.62362308,NA,NA,25.096228308072874,NA,NA,100.38491332,NA,NA
12L2398,F8,239,2012,8,6,NA,NA,0.75,1051,1121,30,58,55,1,0.25,NA,NA,NA,NA,NA,NA,NA,381.6273902,38.31662349,76.63324699,14.72447806,11.86,23.71809474,NA,NA,NA,NA,NA,7.15436488,NA,NA,5.8,55,NA,NA,Before,Control,0,306.53298796,94.87237896,NA,NA,7.1543648808819,NA,NA,28.61745952,NA,NA
12L2399,F9,239,2012,8,6,NA,NA,0.75,1051,1122,31,60,57,1,0.25,NA,NA,NA,NA,NA,NA,NA,364.7782602,21.46749344,41.54998731,12.1800837,9.31,18.02836066,NA,NA,NA,NA,NA,5.103267294,NA,NA,6,57,NA,NA,Before,Control,0,166.19994924,72.11344264,NA,NA,5.10326729448099,NA,NA,20.413069176,NA,NA
12L23910,F10,239,2012,8,6,NA,NA,0.75,1052,1122,30,63,60,1,0.25,NA,NA,NA,NA,NA,NA,NA,357.4047804,14.09401365,28.1880273,11.5587781,8.69,17.38669482,NA,NA,NA,NA,NA,3.589891398,NA,NA,6.3,60,NA,NA,Before,Control,0,112.7521092,69.54677928,NA,NA,3.5898913974430546,NA,NA,14.359565592,NA,NA
12L23911,F11,239,2012,8,6,NA,NA,0.75,1053,1123,30,60,57,1,0.25,NA,NA,NA,NA,NA,NA,NA,404.9289067,61.61813995,123.2362799,13.46707387,10.6,21.20328636,NA,NA,NA,NA,NA,12.86971885,NA,NA,6,57,NA,NA,Before,Control,0,492.9451196,84.81314544,NA,NA,12.869718845993349,NA,NA,51.4788754,NA,NA
12L23912,F12,239,2012,8,6,NA,NA,0.75,1054,1124,30,61,58,1,0.25,NA,NA,NA,NA,NA,NA,NA,426.5206573,83.20989058,166.4197812,11.85463791,8.99,17.97841443,NA,NA,NA,NA,NA,20.49685445,NA,NA,6.1,58,NA,NA,Before,Control,0,665.6791248,71.91365772,NA,NA,20.496854465141745,NA,NA,81.9874178,NA,NA
12L23913,F13,239,2012,8,6,NA,NA,0.75,1054,1125,31,63,59,1,0.25,NA,NA,NA,NA,NA,NA,NA,419.9014923,76.59072561,148.2401141,27.55000081,24.68,47.77658733,NA,NA,NA,NA,NA,6.870435609,NA,NA,6.3,59,NA,NA,Before,Control,0,592.9604564,191.10634932,NA,NA,6.870435610406213,NA,NA,27.481742436,NA,NA
12L23914,F14,239,2012,8,6,NA,NA,0.75,1055,1127,32,64,57,1,0.25,NA,NA,NA,NA,NA,NA,NA,353.6540147,10.34324795,19.3935899,14.84282199,11.98,22.45760868,NA,NA,NA,NA,NA,1.91217817,NA,NA,6.4,57,NA,NA,Before,Control,0,77.5743596,89.83043472,NA,NA,1.9121781698213165,NA,NA,7.64871268,NA,NA
12L23915,F15,239,2012,8,6,NA,NA,0.75,1056,1128,32,61,58,1,0.25,NA,NA,NA,NA,NA,NA,NA,346.9700019,3.659235217,6.861066031,20.4197794,17.55,32.91440383,NA,NA,NA,NA,NA,0.461571796,NA,NA,6.1,58,NA,NA,Before,Control,0,27.444264124,131.65761532,NA,NA,0.46157179621668043,NA,NA,1.846287184,NA,NA
12L23916,F16,239,2012,8,6,NA,NA,0.75,1057,1129,32,61,58,1,0.25,NA,NA,NA,NA,NA,NA,NA,286.9754444,-56.33532237,NA,15.96708926,13.1,24.56560982,NA,NA,NA,NA,NA,NA,NA,NA,6.1,58,NA,NA,Before,Control,0,NA,98.26243928,NA,NA,NA,NA,NA,NA,NA,NA
12L23917,F17,239,2012,8,6,NA,NA,0.75,1058,1130,32,61,58,1,0.25,NA,NA,NA,NA,NA,NA,NA,333.7863967,-9.524369976,NA,30.43463396,27.57,51.69225612,NA,NA,NA,NA,NA,NA,NA,NA,6.1,58,NA,NA,Before,Control,0,NA,206.76902448,NA,NA,NA,NA,NA,NA,NA,NA
12L23918,F18,239,2012,8,6,NA,NA,0.75,1059,1131,32,58,55,1,0.25,NA,NA,NA,NA,NA,NA,NA,274.3250487,-68.98571807,NA,15.12388881,12.26,22.98460896,NA,NA,NA,NA,NA,NA,NA,NA,5.8,55,NA,NA,Before,Control,0,NA,91.93843584,NA,NA,NA,NA,NA,NA,NA,NA
12L23919,F19,239,2012,8,6,NA,NA,0.75,1059,1132,33,62,58,1,0.25,NA,NA,NA,NA,NA,NA,NA,617.011635,NA,NA,32.53523861,NA,NA,NA,NA,NA,NA,NA,NA,NA,died during excretion so will not consider its excretion,6.2,58,NA,NA,Before,Control,0,NA,NA,NA,NA,NA,NA,NA,NA,NA,NA
12L23920,F20,239,2012,8,6,NA,NA,0.75,1100,1133,33,60,57,1,0.25,NA,NA,NA,NA,NA,NA,NA,322.1939388,-21.11682795,NA,18.14165887,15.28,27.77496031,NA,NA,NA,NA,NA,NA,NA,NA,6,57,NA,NA,Before,Control,0,NA,111.09984124,NA,NA,NA,NA,NA,NA,NA,NA
12L239C1,C1,239,2012,8,6,NA,NA,0.75,NA,NA,NA,NA,NA,NA,NA,NA,NA,NA,NA,NA,NA,NA,336.2116594,-7.099107308,NA,2.327952038,NA,NA,NA,NA,NA,NA,NA,NA,NA,NA,NA,NA,NA,NA,Before,Control,0,NA,NA,NA,NA,NA,NA,NA,NA,NA,NA
12L239C2,C2,239,2012,8,6,NA,NA,0.75,NA,NA,NA,NA,NA,NA,NA,NA,NA,NA,NA,NA,NA,NA,373.5622246,30.25145783,NA,2.978843619,NA,NA,NA,NA,NA,NA,NA,NA,NA,NA,NA,NA,NA,NA,Before,Control,0,NA,NA,NA,NA,NA,NA,NA,NA,NA,NA
12L239C3,C3,239,2012,8,6,NA,NA,0.75,NA,NA,NA,NA,NA,NA,NA,NA,NA,NA,NA,NA,NA,NA,320.1584162,-23.15235052,NA,3.289496419,NA,NA,NA,NA,NA,NA,NA,NA,NA,NA,NA,NA,NA,NA,Before,Control,0,NA,NA,NA,NA,NA,NA,NA,NA,NA,NA
12L239C4,C4,239,2012,8,6,NA,NA,0.75,NA,NA,NA,NA,NA,NA,NA,NA,NA,NA,NA,NA,NA,NA,NA,NA,NA,NA,NA,NA,NA,NA,NA,NA,NA,NA,NA,NA,NA,NA,NA,NA,Before,Control,0,NA,NA,NA,NA,NA,NA,NA,NA,NA,NA
12L239C5,C5,239,2012,8,6,NA,NA,0.75,NA,NA,NA,NA,NA,NA,NA,NA,NA,NA,NA,NA,NA,NA,NA,NA,NA,NA,NA,NA,NA,NA,NA,NA,NA,NA,NA,NA,NA,NA,NA,NA,Before,Control,0,NA,NA,NA,NA,NA,NA,NA,NA,NA,NA
NA,NA,239,2022,NA,NA,NA,NA,NA,NA,NA,NA,NA,NA,1.53,0.3825,NA,NA,NA,NA,NA,NA,NA,NA,NA,92.51164374,NA,NA,18.31616397,NA,NA,NA,NA,NA,NA,NA,NA,NA,NA,101,YP,After,Control,0,241.8605065098039,47.885396,NA,NA,11.183958140694207,NA,NA,NA,NA,NA
NA,NA,239,2022,NA,NA,NA,NA,NA,NA,NA,NA,NA,NA,0.75,0.1875,NA,NA,NA,NA,NA,NA,NA,NA,NA,26.48754431,NA,NA,4.607839994,NA,NA,NA,-0.1104,NA,NA,NA,NA,NA,NA,104,YP,After,Control,0,141.26690298666668,24.575146634666666,-0.5888,NA,12.728521617181586,-0.00486266293668354,-0.06189451030664413,NA,NA,NA
NA,NA,239,2022,NA,NA,NA,NA,NA,NA,NA,NA,NA,NA,0.96,0.24,NA,NA,NA,NA,NA,NA,NA,NA,NA,33.14484155,NA,NA,9.299458896,NA,NA,NA,-0.092727273,NA,NA,NA,NA,NA,NA,118,YP,After,Control,0,138.10350645833336,38.74774540000001,-0.3863636375,NA,7.892088127621805,-0.003263911168101511,-0.02575907457938615,NA,NA,NA
NA,NA,239,2022,NA,NA,NA,NA,NA,NA,NA,NA,NA,NA,1.86,0.465,NA,NA,NA,NA,NA,NA,NA,NA,NA,69.33504247,NA,NA,5.222218659,NA,NA,NA,0.1,NA,NA,NA,NA,NA,NA,122,YP,After,Control,0,149.10761821505378,11.230577761290322,0.21505376344086022,NA,29.398921045966553,0.0016826508286505511,0.04946811885942775,NA,NA,NA
NA,NA,222,2022,NA,NA,NA,NA,NA,NA,NA,NA,NA,NA,2.04,0.51,NA,NA,NA,NA,NA,NA,NA,NA,NA,66.65083346,NA,NA,17.44392712,NA,NA,NA,0.444193548,NA,NA,NA,NA,NA,NA,1007,YP,After,Impact,0,130.68790874509804,34.20377866666667,0.8709677411764706,NA,8.460479533103797,0.007775233693229198,0.06578220552666468,NA,NA,NA
NA,NA,222,2022,NA,NA,NA,NA,NA,NA,NA,NA,NA,NA,2.31,0.5775,NA,NA,NA,NA,NA,NA,NA,NA,NA,132.5355654,NA,NA,11.18200457,NA,NA,NA,0.974903226,NA,NA,NA,NA,NA,NA,1008,YP,After,Impact,0,229.49881454545454,19.362778476190478,1.6881441142857143,NA,26.24499098197024,0.008581750065103658,0.22522795306816798,NA,NA,NA
NA,NA,222,2022,NA,NA,NA,NA,NA,NA,NA,NA,NA,NA,2.95,0.7375,NA,NA,NA,NA,NA,NA,NA,NA,NA,46.73219357,NA,NA,10.2874442,NA,NA,NA,-0.044709677,NA,NA,NA,NA,NA,NA,1009,YP,After,Impact,0,63.36568619661016,13.94907688135593,-0.06062329084745763,NA,10.05871104693678,-0.001116174650676329,-0.011227278289068793,NA,NA,NA
NA,NA,222,2022,NA,NA,NA,NA,NA,NA,NA,NA,NA,NA,3.09,0.7725,NA,NA,NA,NA,NA,NA,NA,NA,NA,68.87252791,NA,NA,46.21895221,NA,NA,NA,-0.0252,NA,NA,NA,NA,NA,NA,1010,YP,After,Impact,0,89.15537593527509,59.83035884789644,-0.03262135922330097,NA,3.2995870171384216,-4.26875575678285e-4,-0.0014085131074415588,NA,NA,NA
NA,NA,222,2022,NA,NA,NA,NA,NA,NA,NA,NA,NA,NA,6.86,1.715,NA,NA,NA,NA,NA,NA,NA,NA,NA,113.383027,NA,NA,387.0464514,NA,NA,NA,0.179612903,NA,NA,NA,NA,NA,NA,1012,YP,After,Impact,0,66.11255218658891,225.68306204081634,0.10473055568513119,NA,0.6486622368463637,0.0018481459913160844,0.0011988225127457315,NA,NA,NA
NA,NA,222,2022,NA,NA,NA,NA,NA,NA,NA,NA,NA,NA,6.83,1.7075,NA,NA,NA,NA,NA,NA,NA,NA,NA,123.5977142,NA,NA,25.04769023,NA,NA,NA,-0.077419355,NA,NA,NA,NA,NA,NA,1013,YP,After,Impact,0,72.38519133235725,14.669218289897511,-0.04534076427525622,NA,10.926382846416598,-7.307787317747445e-4,-0.007984768199389643,NA,NA,NA
NA,NA,222,2022,NA,NA,NA,NA,NA,NA,NA,NA,NA,NA,7.6,1.9,NA,NA,NA,NA,NA,NA,NA,NA,NA,191.0486981,NA,NA,33.27764559,NA,NA,NA,4.6504,NA,NA,NA,NA,NA,NA,1014,YP,After,Impact,0,100.55194636842106,17.514550310526317,2.4475789473684215,NA,12.712329716704405,0.02839834409039958,0.3610091134855834,NA,NA,NA
NA,NA,222,2022,NA,NA,NA,NA,NA,NA,NA,NA,NA,NA,4.41,1.1025,NA,NA,NA,NA,NA,NA,NA,NA,NA,98.16314322,NA,NA,95.5191679,NA,NA,NA,-0.0376,NA,NA,NA,NA,NA,NA,1015,YP,After,Impact,0,89.03686459863945,86.6387010430839,-0.034104308390022674,NA,2.275577253028275,-4.4687512265529375e-4,-0.0010168988640586066,NA,NA,NA
