ID,Site name,Species code,Sampling method,Incub. Container,Vol. pre-filtered water (L),Incub. Start time (24h),Incub. End time (24h),Time elapsed (min),Wet mass (g),Dry mass (g),Comments,SRP (ug/L),P excretion (ug),P excretion rate (ug/h/ind),NH4 (ug/L),N excretion (ug),N excretion rate (ug/h/ind),Ambient historical DOC (mg C/L)
101,L239,YP,TN,1L WP,0.2,9.4,10.12,32,1.53,0.3825,dead after experiment,51.11644791,9.768620786,18.31616397,252.1642482,49.33954333,92.51164374,7.55
102,L239,YP,TN,1L WP,0.3,9.42,10.19,37,4.26,1.065,,54.95631457,15.80489118,25.62955326,295.7907918,87.09727807,141.2388293,7.55
103,L239,YP,TN,1L WP,0.3,9.44,10.21,37,4.06,1.015,,33.91384526,9.492150387,15.3926763,314.4878819,92.7064051,150.334711,7.55
104,L239,YP,TN,1L WP,0.3,9.27,9.57,30,0.75,0.1875,did not look good after being weighted,9.953077296,2.303919997,4.607839994,49.61243876,13.24377216,26.48754431,7.55
105,L239,YP,TN,1L WP,0.7,9.3,10,30,16.35,4.0875,,21.01189328,13.11698452,26.23396903,124.4007992,83.25398732,166.5079746,7.55
106,L239,CTL1,TN,1L WP,0.3,9.35,10.05,30,NA,NA,,2.119749307,-0.0460784,-0.0921568,10.1408041,1.402281758,2.804563516,7.55
107,L239,CTL2,TN,1L WP,0.7,9.38,10.15,37,NA,NA,,2.42693864,0.107516267,0.174350702,0.792259048,-3.271990768,-5.305930975,7.55
108,L239,YP,SN,1L WP,0.3,10.43,11.13,30,3.17,0.7925,,17.93999995,4.699996793,9.399993587,214.770068,62.79106093,125.5821219,7.55
109,L239,YP,SN,1L WP,0.3,10.44,11.15,31,3.11,0.7775,,41.28638925,11.70391358,22.65273597,298.9069735,88.03213257,170.3847727,7.55
110,L239,YP,SN,1L WP,0.5,10.46,11.16,30,7,1.75,,12.25699729,4.99182666,9.983653319,311.3717002,152.9525843,305.9051686,7.55
111,L239,YP,SN,1L WP,0.5,10.47,11.17,30,5.65,1.4125,,19.78313595,8.754895988,17.50979198,273.97752,134.2554942,268.5109884,7.55
112,L239,YP,SN,1L WP,0.6,10.49,11.19,30,8.63,2.1575,,13.02497062,6.450975991,12.90195198,250.0867938,146.7721573,293.5443146,7.55
113,L239,YP,SN,1L WP,0.6,10.51,"11,21",30,9.66,2.415,,9.185103964,4.147055994,8.294111988,494.1876923,293.2326965,586.4653929,7.55
114,L239,YP,SN,1L WP,0.6,10.53,11.24,31,8.65,2.1625,,31.4563306,17.50979198,33.88991995,279.1711562,164.2227747,317.8505318,7.55
115,L239,YP,SN,1L WP,0.6,10.56,11.26,30,6.3,1.575,,13.94653862,7.00391679,14.00783358,163.8724338,95.04354136,190.0870827,7.55
116,L239,YP,SN,1L WP,0.6,10.58,11.28,30,6.04,1.51,,25.77332794,14.09999038,28.19998076,93.03123689,52.53882319,105.0776464,7.55
117,L239,YP,SN,1L WP,0.3,11,11.3,30,2.97,0.7425,dead after experiment,26.54130127,7.28038719,14.56077438,199.1891596,58.11678841,116.2335768,7.55
118,L239,YP,SN,1L WP,0.3,11.02,11.35,33,0.96,0.24,,19.32235195,5.114702393,9.299458896,66.23207441,18.22966285,33.14484155,7.55
119,L239,YP,SN,1L WP,0.3,11.03,11.35,32,2.26,0.565,,25.46613861,6.95783839,13.04594698,175.2984334,50.94957053,95.53044475,7.55
120,L239,YP,SN,1L WP,0.3,11.04,11.39,35,3.42,0.855,,48.04455458,13.73136318,23.53947974,285.4035195,83.98109638,143.9675938,7.55
121,L239,YP,SN,1L WP,0.3,11.06,11.39,33,4.41,1.1025,,54.3419359,15.62057758,28.40105014,321.7589725,94.88773228,172.5231496,7.55
122,L239,YP,SN,1L WP,0.3,11.07,11.43,36,1.86,0.465,dead after experiment,12.71778129,3.133331196,5.222218659,144.1366165,41.60102548,69.33504247,7.55
201,L373,PD,TN,1L WP,0.3,9.31,10.07,36,2.12,0.53,,77.62804359,22.55398859,37.58998099,100.3758128,28.01148469,46.68580782,4.23
202,L373,PD,TN,1L WP,0.3,9.32,10.1,38,2.77,0.6925,,114.5705781,33.63674895,53.11065623,88.46306543,24.43766048,38.58577971,4.23
203,L373,PD,TN,1L WP,0.3,9.33,10.12,39,0.98,0.245,dead after experiment,39.00976525,10.96850509,16.87462322,43.79026276,11.03581968,16.97818412,4.23
204,L373,PD,TN,1L WP,0.3,9.34,10.13,39,3.15,0.7875,,117.4650447,34.50508893,53.08475221,122.7122141,34.71240509,53.40370014,4.23
205,L373,PD,TN,1L WP,0.3,9.35,10.14,39,2.25,0.5625,,89.05356973,25.98164644,39.97176375,118.2449339,33.37222101,51.34187848,4.23
206,L373,PD,TN,1L WP,0.4,9.36,10.15,39,2.73,0.6825,,97.81313977,38.14602326,58.68618963,298.425238,116.5684163,179.3360251,4.23
207,L373,PD,TN,1L WP,0.4,9.38,10.17,39,8.14,2.035,,120.2833412,47.13410382,72.51400588,295.4470511,115.3771416,177.5032947,4.23
208,L373,PD,TN,1L WP,0.4,9.39,10.19,40,6.43,1.6075,,104.1352642,40.67487305,61.01230957,66.12666409,23.64898677,35.47348016,4.23
209,L373,PD,TN,1L WP,0.4,9.4,10.2,40,5.28,1.32,,179.6960771,70.89919819,106.3487973,375.8580959,147.5415595,221.3123392,4.23
210,L373,PD,TN,1L WP,0.4,9.42,10.21,39,4.07,1.0175,,95.14718367,37.07964082,57.04560127,220.99238,85.59527314,131.6850356,4.23
211,L373,PD,TN,1L WP,0.3,9.43,10.22,39,1.37,0.3425,,61.70847717,17.77811867,27.3509518,125.690401,35.60586115,54.77824792,4.23
212,L373,PD,TN,1L WP,0.3,9.46,10.25,39,1.03,0.2575,dead after experiment,54.70082114,15.67582186,24.11664902,85.48487858,23.54420443,36.22185296,4.23
213,L373,PD,TN,1L WP,0.3,9.45,10.24,39,2.69,0.6725,,89.81527147,26.21015696,40.3233184,34.85570223,8.355451521,12.8545408,4.23
214,L373,PD,TN,1L WP,0.3,9.47,10.26,39,3.59,0.8975,,81.96974352,23.85649857,36.7023055,86.973972,23.99093245,36.90912685,4.23
215,L373,PD,TN,1L WP,0.3,9.48,10.27,39,1.81,0.4525,,75.34293836,21.86845703,33.64378004,113.7776536,32.03203693,49.28005682,4.23
216,L373,WS,TN,4L WP,3,9.56,10.28,32,87.32,21.83,,34.59189514,96.4314406,180.8089511,95.90853254,266.7130061,500.0868865,4.23
217,L373,WS,TN,4L WP,3,10,10.31,31,308,77,,86.08293293,250.904554,485.6217174,191.2105116,552.6189432,1069.585051,4.23
218,L373,WS,TN,4L WP,4,10.05,10.32,27,329,82.25,,55.08167201,210.5343616,467.8541369,456.2691407,1797.059774,3993.466165,4.23
219,L373,WS,TN,1L WP,0.6,10.37,11.08,31,45.49,11.3725,,71.3820893,41.36040462,80.05239603,499.4528499,295.4691917,571.8758548,4.23
220,L373,WS,TN,1L WP,0.6,10.4,11.1,30,18.95,4.7375,,78.46591551,45.61070034,91.22140068,75.06122463,40.83421648,81.66843296,4.23
221,L373,WS,TN,4L WP,2,10.42,11.11,29,78.63,19.6575,,39.84763716,74.79911111,154.7567816,158.4504563,302.8925182,626.6741756,4.23
222,L373,WS,TN,4L WP,2,10.44,11.12,28,50.51,12.6275,,41.2187003,77.54123738,166.1597944,115.266747,216.5250997,463.9823566,4.23
223,L373,WS,TN,4L WP,3,10.45,11.14,29,73,18.25,,39.1621056,110.142072,227.8801489,125.690401,356.0586115,736.6729892,4.23
224,L373,WS,TN,4L WP,4,10.48,11.15,27,145,36.25,,72.90549279,281.8296447,626.2880994,100.3758128,373.4864626,829.9699168,4.23
225,L373,WS,TN,4L WP,5,10.51,11.16,25,192,48,,22.48083744,100.1637791,240.3930699,115.266747,541.3127493,1299.150598,4.23
226,L373,WS,TN,4L WP,5,10.53,11.17,24,218,54.5,,43.35146518,204.5169179,511.2922946,156.9613628,749.7858284,1874.464571,4.23
227,L373,WS,TN,4L WP,3,10.56,11.19,23,64,16,,24.61360232,66.49656212,173.4692925,86.973972,239.9093245,625.8504118,4.23
228,L373,WS,TN,4L WP,3,10.57,11.2,23,59,14.75,,43.65614588,123.6241928,322.4978943,161.4286431,463.2733379,1208.539142,4.23
229,L373,WS,TN,4L WP,5,10.59,11.21,24,141,35.25,,21.1097743,93.30846345,233.2711586,92.93034569,429.6307427,1074.076857,4.23
230,L373,WS,TN,1L WP,0.6,11.01,11.22,21,25.74,6.435,,36.11529863,20.20033021,57.71522917,357.9889748,210.5908666,601.6881903,4.23
231,L373,CTL1,TN,1L WP,0.6,11.05,11.25,20,NA,NA,,2.295741261,-0.091404209,-0.274212627,6.259650448,-0.446728027,-1.34018408,4.23
232,L373,CTL2,TN,1L WP,0.3,11.03,11.23,20,NA,NA,,2.600421958,0.045702105,0.137106314,7.74874387,0.223364013,0.67009204,4.23
301,L114,FM,TN,1L WP,0.3,10.06,10.41,35,2.62,0.655,"incubated while being transported from field to lab,",6.485100845,1.382488663,2.369980564,57.19210356,13.71618784,23.51346487,7.14
302,L114,FM,TN,1L WP,0.3,10.07,10.43,36,1.32,0.33,"incubated while being transported from field to lab, dead after experiment",100.6314362,29.62638927,49.37731545,45.27935618,10.14236363,16.90393938,7.14
303,L114,FM,TN,1L WP,0.3,10.44,11.15,31,1.51,0.3775,dead after experiment,58.73784038,17.05831052,33.01608488,39.32298249,8.355451521,16.17184165,7.14
304,L114,FM,TN,1L WP,0.3,10.45,11.17,32,1.55,0.3875,,20.11956203,5.47282702,10.26155066,22.94295485,3.441443228,6.452706052,7.14
305,L114,FM,TN,1L WP,0.3,10.45,11.18,33,2.13,0.5325,,20.8050936,5.67848649,10.32452089,49.74663645,11.48254771,20.87735947,7.14
306,L114,FM,TN,1L WP,0.3,10.46,11.19,33,3.08,0.77,,10.29360956,2.525041276,4.590984139,31.87751538,6.121811387,11.13056616,7.14
307,L114,FM,TN,1L WP,0.3,10.46,11.19,33,1.63,0.4075,,33.8301934,9.586016429,17.42912078,18.47567458,2.101259148,3.820471178,7.14
308,L114,FM,TN,1L WP,0.3,10.47,11.2,33,1.27,0.3175,,12.95956566,3.324828106,6.045142011,37.83388907,7.908723494,14.37949726,7.14
309,L114,FM,TN,1L WP,0.3,10.48,11.21,33,3.21,0.8025,,18.36764803,4.947252817,8.995005122,89.95215885,23.54420443,42.80764441,7.14
310,L114,FM,TN,1L WP,0.3,10.49,11.23,34,2.19,0.5475,,12.04552356,3.050615479,5.38343908,30.38842196,5.675083361,10.01485299,7.14
311,L114,FM,TN,1L WP,0.3,10.5,11.24,34,2.06,0.515,,13.87360775,3.599040733,6.351248353,31.87751538,6.121811387,10.80319657,7.14
312,L114,FM,TN,1L WP,0.3,10.51,11.25,34,3.13,0.7825,,17.07275507,4.558784929,8.04491458,139.0922418,38.28622931,67.56393407,7.14
313,L114,FM,TN,1L WP,0.3,10.51,11.25,34,1.08,0.27,,15.62552175,4.124614935,7.278732239,25.92114169,4.334899281,7.64982226,7.14
314,L114,FM,TN,1L WP,0.3,10.53,11.25,32,1.67,0.4175,,12.95956566,3.324828106,6.234052698,27.41023512,4.781627308,8.965551202,7.14
315,L114,FM,TN,1L WP,0.3,10.54,11.26,32,3.25,0.8125,,19.12934977,5.17576334,9.704556263,70.59394436,17.73674008,33.25638765,7.14
316,L114,PD,TN,1L WP,0.3,10.55,11.27,32,1.99,0.4975,,51.95869487,15.02456687,28.17106288,43.79026276,9.695635601,18.17931675,7.14
317,L114,PD,TN,1L WP,0.3,10.56,11.29,33,2.31,0.5775,,24.84211284,6.889592261,12.52653138,206.1014458,58.38899051,106.1618009,7.14
318,L114,PD,TN,1L WP,0.4,10.58,11.3,32,7.01,1.7525,,99.03186255,38.8620229,72.86629294,76.55031805,26.03153625,48.80913047,7.14
319,L114,PD,TN,1L WP,0.4,10.59,11.31,32,7.4,1.85,,55.9957141,21.64756352,40.5891816,46.76844961,14.11878887,26.47272913,7.14
320,L114,PD,TN,1L WP,0.4,11,11.28,28,3.64,0.91,,23.92807075,8.820506178,18.90108467,24.43204827,5.184228339,11.10906073,7.14
321,L114,PD,TN,1L WP,0.4,11.01,11.32,31,3.03,0.7575,,48.22635633,18.53982041,35.88352338,27.41023512,6.375503077,12.33968337,7.14
322,L114,PD,TN,1L WP,0.4,11.02,11.34,32,7.07,1.7675,,48.37869668,18.60075655,34.87641853,195.6777918,73.68252576,138.1547358,7.14
323,L114,PD,TN,1L WP,0.4,11.03,11.36,33,10.95,2.7375,,63.38422101,24.60296628,44.73266597,319.2725459,123.1204274,223.8553225,7.14
324,L114,PD,TN,1L WP,0.4,11.04,11.36,32,8.09,2.0225,,85.85442241,33.59104684,62.98321283,125.690401,45.68756942,85.66419267,7.14
325,L114,PD,TN,1L WP,0.4,11.05,11.37,32,3.36,0.84,,26.4416865,9.825952478,18.4236609,112.2885602,40.3268331,75.61281207,7.14
326,L114,PD,TN,1L WP,0.4,11.06,11.38,32,6.88,1.72,,70.54421739,27.46696483,51.50055906,155.4722694,57.6003168,108.000594,7.14
327,L114,PD,TN,1L WP,0.4,11.07,11.39,32,7.79,1.9475,,57.67145794,22.31786105,41.84598948,152.4940826,56.40904206,105.7669539,7.14
328,L114,PD,TN,1L WP,0.4,11.07,11.4,33,7.31,1.8275,,75.64761906,29.5083255,53.65150091,171.8522971,64.15232786,116.6405961,7.14
329,L114,PD,TN,1L WP,0.4,11.08,11.41,33,2.73,0.6825,,32.83998113,12.38527033,22.51867333,137.6031484,50.45266837,91.73212431,7.14
330,L114,PD,TN,1L WP,0.4,11.09,11.42,33,5.59,1.3975,,38.24806351,14.54850328,26.45182415,192.699605,72.49125102,131.8022746,7.14
331,L114,CTL1,TN,1L WP,0.3,11.09,11.39,30,NA,NA,,1.762550042,-0.034276578,-0.068553157,15.93875769,1.34018408,2.68036816,7.14
332,L114,CTL2,TN,1L WP,0.4,11.1,11.39,29,NA,NA,,1.991060564,0.045702105,0.094556078,7.004197159,-1.786912107,-3.697059531,7.14
401,L442,WS,TN,1L WP,0.5,10.26,10.54,28,22.03,5.5075,,181.3647251,79.52363856,170.4077969,309.7786501,147.0405178,315.0868239,7.01
402,L442,WS,TN,1L WP,0.5,10.27,10.56,29,19.75,4.9375,,105.6425545,41.66255328,86.19838609,365.698464,175.0004247,362.0698442,7.01
403,L442,WS,TN,1L WP,0.5,10.28,10.58,30,31.1,7.775,,149.4170344,63.54979324,127.0995865,351.1106864,167.706536,335.4130719,7.01
404,L442,WS,TN,1L WP,0.5,10.3,11,30,9.79,2.4475,,159.7078771,68.69521457,137.3904291,142.0192086,63.16079704,126.3215941,7.01
405,L442,WS,TN,1L WP,0.4,10.31,11.01,30,12.57,3.1425,,139.2797864,46.7849354,93.5698708,300.0534651,113.7423402,227.4846805,7.01
406,L442,WS,TN,1L WP,0.4,10.33,11.03,30,12.83,3.2075,,128.3745651,42.42284687,84.84569375,365.698464,140.0003398,280.0006795,7.01
407,L442,FM,TN,1L WP,0.3,11.07,11.44,37,1.68,0.42,,100.4203358,23.43086637,37.99599951,127.4314311,33.52014496,54.35699183,7.01
408,L442,FM,TN,1L WP,0.3,11.07,11.45,38,1.23,0.3075,,117.3157491,28.49949036,44.99919531,27.74828465,3.615201041,5.70821217,7.01
409,L442,FM,TN,1L WP,0.3,11.08,11.46,38,1.25,0.3125,,214.080389,57.52888232,90.83507735,120.1375423,31.33197834,49.47154474,7.01
410,L442,FM,TN,1L WP,0.3,11.08,11.47,39,1.37,0.3425,,56.03147723,10.11420879,15.56032121,132.2940236,34.97892272,53.81372726,7.01
411,L442,FM,TN,1L WP,0.3,11.09,11.49,40,1.31,0.3275,,100.4203358,23.43086637,35.14629955,37.47346967,6.532756546,9.799134819,7.01
412,L442,FM,TN,1L WP,0.3,11.09,11.49,40,1.45,0.3625,,77.53473053,16.56518478,24.84777717,42.33606218,7.991534298,11.98730145,7.01
413,L442,FM,TN,1L WP,0.3,11.11,11.5,39,1.34,0.335,,84.90727452,18.77694797,28.88761227,161.4695786,43.73158923,67.27936805,7.01
414,L442,FM,TN,1L WP,0.3,11.11,11.51,40,1,0.25,,50.80925857,8.547543188,12.82131478,86.09939475,21.12053407,31.6808011,7.01
415,L442,FM,TN,1L WP,0.3,11.12,11.52,40,1.19,0.2975,,79.68505587,17.21028238,25.81542356,127.4314311,33.52014496,50.28021745,7.01
416,L442,WS,TN,4L WP,4,10.09,11.44,35,159,39.75,,151.2601704,515.7708899,884.1786685,453.2251291,1750.110058,3000.188671,7.01
417,L442,WS,TN,4L WP,4,10.12,10.45,33,159,39.75,,199.9496797,710.528927,1291.870776,268.4466138,1010.995997,1838.17454,7.01
418,L442,WS,TN,4L WP,4,10.13,10.47,34,189,47.25,,233.7405063,845.6922335,1492.398059,372.9923527,1429.178953,2522.080505,7.01
419,L442,WS,TN,4L WP,4,10.15,10.48,33,202,50.5,,57.41382923,140.3855251,255.2464093,409.4617965,1575.056728,2863.739506,7.01
420,L442,WS,TN,4L WP,3,10.21,10.49,28,107,26.75,,80.9138132,175.7890958,376.6909195,78.80550599,189.3236744,405.693588,7.01
421,L442,WS,TN,4L WP,3,10.22,10.5,28,100,25,,185.3581864,489.1222153,1048.119033,355.9732789,1020.826993,2187.486414,7.01
422,L442,WS,TN,4L WP,3,10.24,10.52,28,138,34.5,,123.9203198,304.8086156,653.1613191,93.39328351,233.087007,499.4721578,7.01
423,L442,WS,TN,4L WP,2,10.25,10.53,28,57,14.25,,54.64912523,64.66335458,138.5643312,64.21772846,97.04022789,207.9433455,7.01
424,L442,WS,TN,4L WP,2,10.35,11.04,29,44.99,11.2475,,69.08702388,93.53915187,193.5292797,168.7634674,306.1317057,633.3759429,7.01
425,L442,FM,TN,1L WP,0.3,11.13,11.53,40,1.4,0.35,,63.55761589,12.37205038,18.55807557,20.45439589,1.427034412,2.140551619,7.01
426,L442,FM,TN,1L WP,0.3,11.14,11.54,40,1.54,0.385,,99.80595717,23.24655277,34.86982915,37.47346967,6.532756546,9.799134819,7.01
427,L442,FM,TN,1L WP,0.3,11.15,11.55,40,1.47,0.3675,,66.93669855,13.38577518,20.07866277,117.7062461,30.60258946,45.90388419,7.01
428,L442,FM,TN,1L WP,0.3,11.15,11.56,41,1.52,0.38,,89.66870918,20.20537837,29.5688464,139.5879123,37.16708935,54.39086246,7.01
429,L442,FM,TN,1L WP,0.3,11.16,11.57,41,1.29,0.3225,,73.69486387,15.41322478,22.5559387,30.17958091,4.344589917,6.357936464,7.01
430,L442,FM,TN,1L WP,0.3,11.17,11.58,41,1.35,0.3375,,81.22100253,17.67106638,25.86009713,42.33606218,7.991534298,11.69492824,7.01
431,L442,PD,TN,1L WP,0.4,11.18,11.59,41,6.6,1.65,,118.3909118,38.42938555,56.23812519,127.4314311,44.69352662,65.40516091,7.01
432,L442,PD,TN,1L WP,0.4,11.19,12,41,12.58,3.145,,272.5999569,100.1130036,146.5068345,504.2823504,195.4338944,286.000821,7.01
433,L442,PD,TN,1L WP,0.4,11.2,12,40,4.41,1.1025,,101.0347145,31.48690662,47.23035993,190.6451337,69.97900766,104.9685115,7.01
434,L442,CTL1,TN,1L WP,0.3,11.49,12.09,20,NA,NA,,23.31581328,0.2995096,0.898528799,13.87414233,-0.547041657,-1.641124971,7.01
435,L442,CTL2,TN,4L WP,3,11.55,12.09,20,NA,NA,,21.31908261,-2.995095996,-8.985287987,17.52108671,5.470416571,16.41124971,7.01
501,L375,FM,TN,1L WP,0.3,9.3,10.01,31,1.33,0.3325,,31.31657765,6.958145417,13.46737823,115.2749498,30.42024224,58.87788821,5.09
502,L375,FM,TN,1L WP,0.3,9.31,10.02,31,1.96,0.49,,24.0804111,4.787295451,9.265733132,139.5879123,37.714131,72.99509226,5.09
503,L375,FM,TN,1L WP,0.3,9.31,10.03,32,1,0.25,,11.89318322,1.131127088,2.120863289,30.17958091,4.891631574,9.171809202,5.09
504,L375,FM,TN,1L WP,0.3,9.31,10.04,33,1.2,0.3,,12.95956566,1.451041819,2.638257853,52.06124719,11.45613146,20.82932993,5.09
505,L375,FM,TN,1L WP,0.3,9.32,10.05,33,2.38,0.595,,25.60381458,5.244316497,9.535120903,107.981061,28.23207561,51.33104657,5.09
506,L375,FM,TN,1L WP,0.3,9.32,10.07,35,1.58,0.395,,24.38509179,4.87869966,8.363485132,59.35513596,13.64429809,23.39022529,5.09
507,L375,FM,TN,1L WP,0.3,9.33,10.08,35,1.56,0.39,,11.0553113,0.879765513,1.50816945,61.78643221,14.37368696,24.64060623,5.09
508,L375,FM,TN,1L WP,0.3,9.33,10.09,36,1.91,0.4775,,36.34380915,8.466314867,14.11052478,56.9238397,12.91490921,21.52484869,5.09
509,L375,FM,TN,1L WP,0.3,9.34,10.1,36,1.7,0.425,,18.82466907,3.210572844,5.350954741,81.23680224,20.20879797,33.68132996,5.09
510,L375,FM,TN,1L WP,0.3,9.34,10.12,38,2.64,0.66,,39.08593542,9.288952749,14.6667675,115.2749498,30.42024224,48.03196143,5.09
511,L375,FM,TN,1L WP,0.3,9.35,10.13,38,0.69,0.1725,,26.28934615,5.449975967,8.605225212,32.61087716,5.62102045,8.875295448,5.09
512,L375,FM,TN,1L WP,0.3,9.35,10.14,39,1.11,0.2775,,30.93572678,6.843890156,10.52906178,64.21772846,15.10307584,23.23550129,5.09
513,L375,FM,TN,1L WP,0.3,9.36,10.15,39,1.46,0.365,,15.16850071,2.113722335,3.251880516,18.02309964,1.244687193,1.914903374,5.09
514,L375,FM,TN,1L WP,0.3,9.36,10.16,40,1.63,0.4075,,27.05104789,5.67848649,8.517729735,56.9238397,12.91490921,19.37236382,5.09
515,L375,FM,TN,1L WP,0.3,9.37,10.18,41,1.09,0.2725,,44.87486866,11.02563272,16.13507228,81.23680224,20.20879797,29.57385069,5.09
516,L375,PD,TN,1L WP,0.4,9.43,10.19,36,6.95,1.7375,,133.9178024,50.31801711,83.86336184,382.7175377,147.5373582,245.8955969,5.09
517,L375,PD,TN,1L WP,0.4,9.44,10.2,36,8.09,2.0225,,69.47783495,24.54203014,40.90338357,139.5879123,50.285508,83.80918001,5.09
518,L375,PD,TN,1L WP,0.4,9.45,10.21,36,8.91,2.2275,,112.8948343,41.90882987,69.84804978,137.1566161,49.3129895,82.18831584,5.09
519,L375,PD,TN,1L WP,0.4,9.45,10.23,38,6.52,1.63,,53.55826853,18.17420358,28.69611091,241.702355,91.13128507,143.8915027,5.09
520,L375,PD,TN,1L WP,0.4,9.46,10.24,38,6.22,1.555,,47.23614407,15.64535379,24.70319019,163.9008749,60.01069302,94.75372582,5.09
521,L375,PD,TN,1L WP,0.4,9.49,10.25,36,5.8,1.45,,59.34720177,20.48977687,34.14962812,112.8436535,39.58780449,65.97967414,5.09
522,L375,PD,TN,1L WP,0.4,9.5,10.26,36,4.7,1.175,,38.5527442,12.17199384,20.28665641,103.1184685,35.69773048,59.49621747,5.09
523,L375,PD,TN,1L WP,0.3,9.51,10.27,36,1.51,0.3775,,13.7212674,1.679552342,2.799253904,49.62995094,10.72674258,17.87790431,5.09
524,L375,PD,TN,1L WP,0.3,9.52,10.28,36,2.49,0.6225,,42.58976344,10.34010115,17.23350192,66.64902472,15.83246472,26.3874412,5.09
525,L375,PD,TN,1L WP,0.3,9.53,10.29,36,1.17,0.2925,,18.06296733,2.982062322,4.97010387,76.37420973,18.75002022,31.2500337,5.09
526,L375,PD,TN,1L WP,0.3,9.55,10.29,35,1.54,0.385,,24.76594266,4.992954922,8.559351295,73.94291348,18.02063135,30.89251088,5.09
527,L375,WS,TN,1L WP,0.3,10.35,11.05,30,14.9,3.725,,32.45913026,7.300911201,14.6018224,202.8016149,56.67824178,113.3564836,5.09
528,L375,WS,TN,1L WP,0.5,10.36,11.06,30,14.49,3.6225,,40.30465821,16.09094931,32.18189862,107.981061,47.05345935,94.10691871,5.09
529,L375,WS,TN,1L WP,0.5,10.37,11.07,30,13.43,3.3575,,34.05870392,12.96797217,25.93594433,86.09939475,36.11262621,72.22525242,5.09
530,L375,WS,TN,1L WP,0.5,10.38,11.08,30,16,4,,36.95317054,14.41520548,28.83041095,115.2749498,50.70040373,101.4008075,5.09
531,L375,WS,TN,1L WP,0.5,10.39,11.09,30,8.4,2.1,,25.29913388,8.588187146,17.17637429,69.08032097,27.60308932,55.20617864,5.09
532,L375,WS,TN,1L WP,0.5,10.39,10.1,31,11.09,2.7725,,70.62038756,31.24881398,60.48157545,185.7825412,85.95419942,166.3629666,5.09
533,L375,WS,TN,4L WP,2,10.42,11.11,29,20.51,5.1275,,14.10211827,11.95871736,24.74217384,22.88569215,18.02309964,37.28917167,5.09
534,L375,WS,TN,4L WP,2,10.43,11.12,29,45.31,11.3275,,16.99658489,17.7476506,36.7192771,27.74828465,27.74828465,57.41024411,5.09
535,L375,WS,TN,4L WP,2,10.44,11.13,29,45,11.25,,22.70934796,29.17317674,60.3582967,83.6680985,139.5879123,288.8025772,5.09
536,L375,WS,TN,4L WP,3,10.45,11.15,30,79,19.75,,19.66254099,34.61934419,69.23868839,76.37420973,187.5002022,375.0004044,5.09
537,L375,WS,TN,4L WP,3,10.47,11.17,30,67,16.75,,29.33615312,63.64018058,127.2803612,56.9238397,129.1490921,258.2981842,5.09
538,L375,WS,TN,4L WP,3,10.48,11.18,30,73,18.25,,21.56679535,40.33210726,80.66421453,42.33606218,85.38575955,170.7715191,5.09
539,L375,WS,TN,4L WP,3,10.5,11.19,29,98,24.5,,12.73105513,13.82488663,28.60321371,59.35513596,136.4429809,282.2958225,5.09
540,L375,WS,TN,4L WP,4,10.52,11.21,29,106,26.5,,55.08167201,187.8356497,388.6254821,212.5268,794.6106305,1644.021994,5.09
541,L375,WS,TN,4L WP,4,10.54,11.25,31,162,40.5,,34.66806532,106.1812229,205.5120443,168.7634674,619.5573002,1199.143162,5.09
542,L375,CTL1,TN,1L WP,0.3,10.55,11.26,31,NA,NA,,7.779993807,-0.102829735,-0.199025294,11.44284607,-0.729388876,-1.411720406,5.09
543,L375,CTL2,TN,4L WP,3,10.56,11.26,30,NA,NA,,8.465525375,1.028297352,2.056594705,16.30543858,7.293888762,14.58777752,5.09
601,L470,FM,MT,1L WP,0.3,9.22,9.53,31,1.58,0.395,,109.5169339,29.68467659,57.45421276,100.5016163,16.04318822,31.05133204,11.23
602,L470,FM,MT,1L WP,0.3,9.23,9.54,31,1.77,0.4425,,84.87565853,22.29229398,43.14637545,142.1444599,28.5360413,55.23104768,11.23
603,L470,FM,MT,1L WP,0.3,9.24,9.55,31,2.52,0.63,,45.26538411,10.40921165,20.14686126,177.03441,39.00302632,75.48972835,11.23
604,L470,FM,MT,1L WP,0.3,9.24,9.56,32,2.34,0.585,,20.39381644,2.947741353,5.527015036,274.9513666,68.37811329,128.2089624,11.23
605,L470,FM,MT,1L WP,0.3,9.25,9.57,32,3.13,0.7825,,26.61170836,4.813108928,9.024579239,331.2254796,85.26034719,159.863151,11.23
606,L470,FM,MT,1L WP,0.3,9.27,9.58,31,1.92,0.48,,41.42717922,9.257750186,17.91822617,160.1521761,33.93835615,65.68714093,11.23
607,L470,FM,MT,1L WP,0.3,9.28,9.59,31,2.86,0.715,,40.12218956,8.866253288,17.16049023,285.0807069,71.41691539,138.2262879,11.23
608,L470,FM,MT,1L WP,0.3,9.28,10,32,1.88,0.47,,38.43337941,8.359610243,15.6742692,133.1406019,25.83488388,48.44040727,11.23
609,L470,FM,MT,1L WP,0.3,9.3,10.01,31,2.9,0.725,,46.72390196,10.84676701,20.9937426,301.9629408,76.48158556,148.0288753,11.23
610,L470,FM,MT,1L WP,0.3,9.31,10.02,31,1.44,0.36,,38.6636717,8.428697931,16.3136089,191.6656794,43.39240713,83.98530412,11.23
611,L470,FM,MT,1L WP,0.3,9.31,10.02,31,2.98,0.745,,28.6075749,5.41186889,10.47458495,220.9282181,52.17116875,100.9764557,11.23
612,L470,FM,MT,1L WP,0.3,9.32,10.05,33,2.91,0.7275,,34.28811813,7.116031859,12.93823974,105.0035454,17.39376693,31.62503078,11.23
613,L470,FM,MT,1L WP,0.3,9.33,10.05,32,1.67,0.4175,,47.56830704,11.10008853,20.812666,229.9320762,54.87232618,102.8856116,11.23
614,L470,FM,MT,1L WP,0.3,9.34,10.06,32,2.83,0.7075,,28.76110309,5.457927348,10.23361378,360.4880183,94.03910881,176.323329,11.23
615,L470,FM,MT,1L WP,0.3,9.35,10.07,32,1.64,0.41,,150.9695467,42.12046042,78.97586329,161.2776584,34.27600083,64.26750155,11.23
616,L470,CTL1,MT,1L WP,0.3,9.36,10.07,31,NA,NA,,10.56801193,0,0,37.4746098,-2.864913743,-5.544994342,11.23
617,L470,CTL2,MT,1L WP,0.3,9.37,10.07,30,NA,NA,,245.6196792,70.51550017,141.0310003,39.72557432,-2.189624387,-4.379248775,11.23
701,L626,PD,TN,1L WP,0.3,9.2,9.52,32,4,1,,114.1422821,30.82086744,57.78912644,279.6846159,69.79808808,130.8714152,5.28
702,L626,PD,TN,1L WP,0.3,9.21,9.53,32,3.66,0.915,,63.11943712,15.51401393,29.08877612,195.2204829,44.45884819,83.36034035,5.28
703,L626,PD,TN,1L WP,0.3,9.21,9.55,34,5.38,1.345,,77.31376243,19.77231152,34.89231445,245.8989627,59.66239213,105.2865743,5.28
704,L626,PD,TN,1L WP,0.3,9.22,9.56,34,3.3,0.825,,59.51331123,14.43217616,25.46854617,272.0060584,67.49452082,119.1079779,5.28
705,L626,PD,TN,1L WP,0.3,9.22,9.57,35,3.5,0.875,,81.07334048,20.90018494,35.82888847,370.2915949,96.98018179,166.2517402,5.28
706,L626,PD,TN,1L WP,0.3,9.23,9.58,35,4.46,1.115,,88.36231834,23.0868783,39.57750565,221.3275786,52.29097688,89.64167465,5.28
707,L626,PD,TN,1L WP,0.4,9.24,9.59,35,9.33,2.3325,,71.02222364,23.84646652,40.87965688,213.649021,66.64987949,114.2569363,5.28
708,L626,PD,TN,1L WP,0.4,0.25,10,35,7.89,1.9725,,169.0781574,63.06884001,108.1180114,276.6131929,91.83554824,157.4323684,5.28
709,L626,PD,TN,1L WP,0.4,9.25,10,35,8.29,2.0725,,88.1321401,30.6904331,52.61217102,361.0773259,125.6212014,215.350631,5.28
710,L626,PD,TN,1L WP,0.4,9.26,10.01,35,8.42,2.105,,91.89171815,32.19426432,55.1901674,640.5768205,237.4209993,407.0074274,5.28
711,L626,PD,TN,1L WP,0.5,9.27,10.02,35,17.5,4.375,,179.6663568,84.13014972,144.2231138,440.9343243,196.955001,337.6371446,5.28
712,L626,PD,TN,1L WP,0.5,9.27,10.03,36,16.57,4.1425,,79.84572316,34.2198329,57.03305484,381.0415755,167.0086266,278.347711,5.28
713,L626,PD,TN,1L WP,0.5,9.29,10.04,35,15.83,3.9575,,129.7176769,59.15580979,101.4099596,425.5772093,189.2764435,324.4739031,5.28
714,L626,PD,TN,1L WP,0.5,9.29,10.05,36,11.18,2.795,,88.1321401,38.36304137,63.93840228,393.3272676,173.1514726,288.5857877,5.28
715,L626,PD,TN,1L WP,0.5,9.3,10.06,36,14.38,3.595,,120.8941774,54.74406003,91.24010006,454.7557279,203.8657028,339.7761714,5.28
716,L626,YP,TN,1L WP,0.3,9.32,10.07,35,3.25,0.8125,,73.55418437,18.64443811,31.9618939,149.1491376,30.6374446,52.52133361,5.28
717,L626,YP,TN,1L WP,0.3,9.33,10.08,35,3.23,0.8075,,91.2011834,23.93853781,41.0374934,150.6848491,31.09815806,53.3111281,5.28
718,L626,YP,TN,1L WP,0.3,9.33,10.08,35,3.98,0.995,,50.07600306,11.60098371,19.88740065,222.8632901,52.75169033,90.43146915,5.28
719,L626,YP,TN,1L WP,0.3,9.34,10.09,35,4.08,1.02,,47.08368583,10.70328854,18.34849464,138.3991571,27.41245044,46.99277218,5.28
720,L626,YP,TN,1L WP,0.3,9.35,10.1,35,2.63,0.6575,,50.38290739,11.69305501,20.04523716,199.8276174,45.84098854,78.58455179,5.28
721,L626,YP,TN,1L WP,0.4,9.35,10.1,35,2.11,0.5275,,154.807106,57.36041946,98.33214764,356.4701913,123.7783476,212.1914531,5.28
722,L626,YP,TN,1L WP,0.4,9.36,10.11,35,10.56,2.64,,66.80228909,22.15849269,37.98598748,259.7203663,85.0784176,145.8487159,5.28
723,L626,YP,TN,1L WP,0.5,9.37,10.12,35,17.21,4.3025,leech on anal + pelvic fins,97.41599611,43.00496937,73.72280464,460.898574,206.9371258,354.7493586,5.28
724,L626,YP,TN,1L WP,0.5,9.38,10.13,35,16.9,4.225,,99.33414817,43.96404541,75.36693499,437.8629013,195.4192895,335.0044963,5.28
725,L626,YP,TN,1L WP,0.5,9.38,10.14,36,14.53,3.6325,cauliflower fungus on pelvic fin,106.1627695,47.37835609,78.96392682,546.8984185,249.9370481,416.5617468,5.28
726,L626,YP,TN,1L WP,0.5,9.39,10.15,36,10.11,2.5275,,110.7663345,49.68013857,82.80023096,293.5060195,123.2408486,205.4014143,5.28
727,L626,YP,TN,1L WP,0.5,9.41,10.15,34,11.15,2.7875,,92.19862248,40.39628256,71.28755746,311.9345576,132.4551177,233.7443253,5.28
728,L626,YP,TN,1L WP,0.5,9.44,10.16,32,3.9,0.975,,87.28815319,37.94104791,71.13946484,159.8991182,56.43739796,105.8201212,5.28
729,L626,YP,TN,1L WP,0.3,9.44,10.17,33,3.96,0.99,,85.06309679,22.09711183,40.17656696,248.9703857,60.58381903,110.1523982,5.28
730,L626,YP,TN,1L WP,0.3,9.45,10.18,33,3.24,0.81,,58.28569391,14.06389097,25.57071085,258.1846548,63.34809975,115.1783632,5.28
731,L626,CTL1,TN,1L WP,0.3,9.45,10.17,32,NA,NA,,11.40605736,0,0,43.18504351,-1.151783632,-2.15959431,5.28
732,L626,CTL2,TN,1L WP,0.5,9.47,10.17,30,NA,NA,,NA,NA,NA,50.86360105,1.919639386,3.839278773,5.28
801,L377,FM,TN,1L WP,0.3,8.52,9.24,32,2.76,0.69,,58.71557523,14.05577957,26.35458668,75.40014551,17.21549309,32.27904955,5.69
802,L377,FM,TN,1L WP,0.3,8.53,9.25,32,1.82,0.455,,69.32475195,17.23853258,32.32224859,22.25090411,1.270720672,2.382601261,5.69
803,L377,FM,TN,1L WP,0.3,8.54,9.26,32,2.71,0.6775,,41.53881292,8.902750872,16.69265788,54.73099608,11.01474826,20.65265299,5.69
804,L377,FM,TN,1L WP,0.4,8.55,9.26,31,5.05,1.2625,,70.33514973,23.38886922,45.26877914,119.69118,40.67040459,78.71691212,5.69
805,L377,FM,TN,1L WP,0.4,8.55,9.27,32,6,1.5,,67.80915528,22.37847144,41.95963395,187.6040996,67.83557243,127.1916983,5.69
806,L377,FM,TN,1L WP,0.5,8.56,9.27,31,6.67,1.6675,,99.13148655,43.63425493,84.45339665,155.1240076,68.55441955,132.6859733,5.69
807,L377,FM,TN,1L WP,0.5,8.57,9.28,31,4.67,1.1675,,83.47032091,35.80367212,69.2974299,137.4075938,59.69621264,115.5410567,5.69
808,L377,PD,TN,1L WP,0.5,8.58,9.29,31,5.34,1.335,dead after experiment,151.1669724,69.65199785,134.8103184,113.7857088,47.88527011,92.68116795,5.69
809,L377,PD,TN,1L WP,0.6,8.58,9.3,32,9.14,2.285,,122.3706356,66.30459533,124.3211162,134.4548582,69.86381379,130.9946509,5.69
810,L377,PD,TN,1L WP,0.6,9,9.3,30,9.3,2.325,,57.19997855,27.20220113,54.40440225,96.06929495,46.83247585,93.6649517,5.69
811,L377,PD,TN,1L WP,0.6,9.02,9.31,29,10.24,2.56,,40.52841514,17.19926307,35.58468222,237.8006054,131.8712621,272.837094,5.69
812,L377,PD,TN,1L WP,0.6,9.03,9.33,30,9.59,2.3975,,43.55960848,19.01797908,38.03595817,155.1240076,82.26530346,164.5306069,5.69
813,L377,PD,TN,1L WP,0.7,9.04,9.34,30,10.9,2.725,,45.07520516,23.24855994,46.49711987,208.273249,133.1806563,266.3613127,5.69
814,L377,PD,TN,1L WP,0.7,9.07,9.36,29,13.39,3.3475,,413.3651971,281.0515543,581.4859743,208.273249,133.1806563,275.5461856,5.69
815,L377,YP,TN,1L WP,0.6,9.09,9.39,30,16.02,4.005,leech on caudal fin,61.74676858,29.93027514,59.86055028,199.4150421,108.8399242,217.6798483,5.69
816,L377,YP,TN,1L WP,0.6,9.1,9.4,30,14.25,3.5625,,29.41403952,10.53063771,21.06127541,237.8006054,131.8712621,263.7425242,5.69
817,L377,YP,TN,1L WP,0.6,9.11,9.41,30,13.02,3.255,,77.91313311,39.63009386,79.26018771,196.4623065,107.0682828,214.1365656,5.69
818,L377,YP,TN,4L WP,3,9.13,9.44,31,45.59,11.3975,,178.9529114,501.2698042,970.199621,48.82552481,92.43106883,178.8988429,5.69
819,L377,YP,TN,4L WP,5,9.15,9.45,30,228,57,,46.08560294,171.1131313,342.2262626,246.6588123,1143.218219,2286.436437,5.69
820,L377,YP,TN,1L WP,0.3,9.16,9.48,32,4.3,1.075,,32.44523287,6.174676858,11.57751911,119.69118,30.50280345,57.19275646,5.69
821,L377,YP,TN,1L WP,0.3,9.17,9.49,32,4.91,1.2275,,38.50761957,7.993392867,14.98761163,178.7458927,48.21921725,90.41103234,5.69
822,L377,YP,TN,1L WP,0.3,9.17,9.5,33,3.22,0.805,,97.11069098,25.57431429,46.49875326,217.1314559,59.73488622,108.608884,5.69
823,L377,YP,TN,1L WP,0.3,9.19,9.51,32,5.52,1.38,leech on caudal fin,42.04401181,9.054310539,16.97683226,169.8876858,45.56175518,85.42829096,5.69
824,L377,WS,TN,1L WP,0.6,10.08,10.39,29,35.17,8.7925,,64.77796193,31.74899115,65.68756789,158.0767433,84.03694484,173.869541,5.69
825,L377,WS,TN,1L WP,0.6,10.09,10.39,30,19.54,4.885,,27.89844285,9.621279702,19.2425594,169.8876858,91.12351036,182.2470207,5.69
826,L377,WS,TN,1L WP,0.6,10.1,10.4,30,18.98,4.745,,78.418332,39.93321319,79.86642638,113.7857088,57.46232413,114.9246483,5.69
827,L377,WS,TN,4L WP,6,9.58,10.3,32,416,104,,62.75716636,305.3651381,572.5596339,131.5021226,680.9217241,1276.728233,5.69
828,L377,WS,TN,4L WP,5,10,10.31,31,241,60.25,,31.94003398,100.3852865,194.2941029,104.9275019,434.5616666,841.0870966,5.69
829,L377,WS,TN,4L WP,4,10.01,10.32,31,154,38.5,,106.204271,377.3651774,730.3842143,125.5966513,430.325931,832.8888987,5.69
830,L377,WS,TN,4L WP,3,10.02,10.33,31,123,30.75,,27.89844285,48.10639851,93.1091584,119.69118,305.0280345,590.3768409,5.69
831,L377,WS,TN,4L WP,2,10.04,10.34,30,85,21.25,,88.52230983,153.3186663,306.6373326,128.5493869,221.0684368,442.1368736,5.69
832,L377,WS,TN,4L WP,2,10.05,10.35,30,58,14.5,,64.27276304,104.8195727,209.6391454,122.6439157,209.2574942,418.5149885,5.69
833,L377,WS,TN,4L WP,2,10.06,10.35,29,52.7,13.175,,79.42872978,135.1315062,279.5824266,75.40014551,114.769954,237.4550772,5.69
834,L377,WS,TN,1L WP,0.4,10.12,10.41,29,7.65,1.9125,,112.2666577,40.16147242,83.09270156,181.6986283,65.47338392,135.4621736,5.69
835,L377,WS,TN,1L WP,0.4,10.12,10.42,30,5.53,1.3825,,90.54310539,31.47205149,62.94410297,134.4548582,46.57587586,93.15175172,5.69
836,L377,WS,TN,1L WP,0.4,10.13,10.43,27,5.8,1.45,,148.135779,54.50912094,121.1313799,131.5021226,45.39478161,100.8772925,5.69
837,L377,WS,TN,1L WP,0.5,10.13,10.44,31,8.87,2.2175,,105.1938732,46.66544828,90.32022248,125.5966513,53.79074138,104.1111123,5.69
838,L377,WS,TN,1L WP,0.5,10.14,10.44,30,6.25,1.5625,,62.75716636,25.44709484,50.89418968,101.9747662,41.97979884,83.95959768,5.69
839,L377,CTL1,TN,1L WP,0.5,10.15,10.45,30,NA,NA,,-4.939485098,-8.401230889,-16.80246178,19.98365895,0.984245211,1.968490422,5.69
840,L377,CTL2,TN,4L WP,4,10.2,10.49,29,NA,NA,,20.82565837,35.85072675,74.17391742,24.4127624,25.59037549,52.94560447,5.69
841,L377,FM,TN,1L WP,0.3,9.06,9.36,30,3.87,0.9675,tested on second day of sampling,87.00671315,22.54312094,45.08624188,110.8329731,27.84534138,55.69068275,5.69
842,L377,FM,TN,1L WP,0.4,9.07,9.38,31,2.87,0.7175,tested on second day of sampling,126.9174256,46.02177956,89.07441205,69.49467425,20.59180229,39.8551012,5.69
843,L377,FM,TN,1L WP,0.4,9.08,9.39,31,2.5,0.625,tested on second day of sampling,23.85685172,4.797550015,9.285580674,75.40014551,22.95399079,44.42707895,5.69
844,L377,FM,TN,1L WP,0.4,9.08,9.4,32,5.38,1.345,tested on second day of sampling,67.30395638,22.17639188,41.58073478,134.4548582,46.57587586,87.32976724,5.69
845,L377,PD,TN,1L WP,0.6,9.11,9.41,30,8.05,2.0125,tested on second day of sampling,75.38713865,38.11449718,76.22899436,208.273249,114.1548483,228.3096966,5.69
846,L377,PD,TN,1L WP,0.6,9.13,9.42,29,9.1,2.275,tested on second day of sampling,42.04401181,18.10862108,37.46611258,166.9349502,89.35186898,184.8659358,5.69
847,L377,PD,TN,1L WP,0.6,9.14,9.43,29,9.53,2.3825,tested on second day of sampling,40.52841514,17.19926307,35.58468222,146.2658007,76.95037931,159.2076813,5.69
848,L377,YP,TN,1L WP,0.6,9.16,9.47,31,6.75,1.6875,tested on second day of sampling,49.62199518,22.6554111,43.84918278,116.7384444,59.23396551,114.6463849,5.69
849,L377,YP,TN,1L WP,0.3,9.16,9.47,31,2.48,0.62,tested on second day of sampling,28.90884063,5.113759186,9.897598424,96.06929495,23.41623793,45.32175082,5.69
850,L377,YP,TN,1L WP,0.5,9.17,9.48,31,6.51,1.6275,tested on second day of sampling,44.57000627,16.35351479,31.65196412,161.0294789,71.50715518,138.4009455,5.69
851,L377,YP,TN,1L WP,0.6,9.19,9.49,30,15.93,3.9825,tested on second day of sampling,117.8238455,63.57652131,127.1530426,234.8478697,130.0996207,260.1992414,5.69
852,L377,YP,TN,4L WP,2,9.2,9.5,30,31.79,7.9475,tested on second day of sampling,62.75716636,101.7883794,203.5767587,208.273249,380.516161,761.032322,5.69
853,L377,YP,TN,4L WP,2,9.21,9.51,30,23.39,5.8475,tested on second day of sampling,61.24156969,98.75718602,197.514372,182.3841188,328.7379006,657.4758011,5.69
854,L377,CTL3,TN,1L WP,0.6,9.21,9.51,30,30,7.5,tested on second day of sampling,14.76327167,1.740176994,3.480353989,9.649084236,-5.019650577,-10.03930115,5.69
901,L224,FM,TN,1L WP,0.3,10.12,10.44,32,2.66,0.665,,54.48592043,15.25225423,28.59797668,156.1823348,37.60281696,70.5052818,3.6
902,L224,FM,TN,1L WP,0.3,10.12,10.44,32,2.81,0.7025,dead after experiment,16.74044279,3.928610938,7.366145508,214.2358066,55.0188585,103.1603597,3.6
903,L224,FM,TN,1L WP,0.3,10.13,10.45,32,1.01,0.2525,dead during experiment,62.959395,17.7942966,33.36430613,74.37971548,13.06203115,24.49130842,3.6
904,L224,FM,TN,1L WP,0.3,10.13,10.46,33,1.13,0.2825,,65.27034261,18.48758088,33.61378342,66.46333297,10.6871164,19.43112073,3.6
905,L224,FM,TN,1L WP,0.3,10.13,10.47,34,1.5,0.375,,36.76865542,9.937074725,17.53601422,166.7375115,40.76936997,71.945947,3.6
906,L224,FM,TN,1L WP,0.3,10.14,10.48,34,0.94,0.235,dead during experiment,53.71560456,15.02115947,26.50792847,119.2392164,26.51988144,46.79979077,3.6
907,L224,FM,TN,1L WP,0.3,10.15,10.48,33,1.26,0.315,,62.18907913,17.56320184,31.93309425,111.3228339,24.14496668,43.89993942,3.6
908,L224,FM,TN,1L WP,0.4,10.16,10.49,33,1.89,0.4725,,32.91707607,11.70880123,21.2887295,92.85127469,24.80466522,45.09939131,3.6
909,L224,FM,TN,1L WP,0.4,10.17,10.5,33,2.11,0.5275,,23.67328563,8.011285049,14.56597282,158.821129,51.19260695,93.07746718,3.6
910,L224,FM,TN,1L WP,0.4,10.17,10.51,34,2.45,0.6125,,21.36233801,7.086906005,12.50630472,348.8143094,127.1898791,224.4527279,3.6
911,L224,FM,TN,1L WP,0.4,10.18,10.52,34,2.21,0.5525,,12.88886344,3.697516177,6.525028547,227.4297775,78.63606635,138.7695288,3.6
912,L224,FM,TN,1L WP,0.4,10.19,10.53,34,2.07,0.5175,,21.36233801,7.086906005,12.50630472,145.6271581,45.9150186,81.02650342,3.6
913,L224,FM,TN,1L WP,0.4,10.2,10.53,33,2.4,0.6,,25.98423324,8.935664094,16.24666199,182.5702766,60.69226597,110.3495745,3.6
914,L224,FM,TN,1L WP,0.3,10.21,10.54,33,0.88,0.22,,25.21391737,6.470653309,11.7648242,145.6271581,34.43626395,62.61138901,3.6
915,L224,FM,TN,1L WP,0.4,10.22,10.55,33,1.7,0.425,,22.90296975,7.703158701,14.00574309,127.1555989,38.52639492,70.04799077,3.6
916,L224,WS,TN,4L WP,3,10.25,10.57,32,69.84,17.46,,29.06549672,76.26127114,142.9898834,269.6504843,716.4326179,1343.311159,3.6
917,L224,WS,TN,4L WP,3,10.26,10.58,32,95.84,23.96,,5.956020612,6.932842831,12.99908031,127.1555989,288.9479619,541.7774286,3.6
918,L224,WS,TN,4L WP,4,10.28,11,32,132,33,,25.98423324,89.35664094,167.5437018,182.5702766,606.9226597,1137.979987,3.6
919,L224,WS,TN,4L WP,4,10.29,11.02,33,114,28.5,,69.89223783,264.9886593,481.7975624,417.4229579,1546.333385,2811.515246,3.6
920,L224,WS,TN,4L WP,4,10.32,11.03,31,152,38,,15.97012692,49.30021569,95.4197723,398.9513987,1472.447148,2849.897706,3.6
921,L224,WS,TN,4L WP,5,10.34,11.04,30,215,53.75,,42.93118238,196.4305469,392.8610938,385.7574279,1774.589081,3549.178162,3.6
922,L224,WS,TN,4L WP,5,10.36,11.06,30,161,40.25,,23.67328563,100.1410631,200.2821262,222.1521892,956.5628876,1913.125775,3.6
923,L224,WS,TN,4L WP,4,10.37,11.07,30,150,37.5,,11.3482317,30.81263481,61.62526961,298.6772202,1071.350434,2142.700868,3.6
924,L224,CTL1,TN,1L WP,0.3,10.38,11.08,30,NA,NA,,3.645073002,0,0,32.15900872,0.395819126,0.791638252,3.6
925,L224,CTL2,TN,4L WP,4,10.38,11.08,30,NA,NA,,3.645073002,0,0,29.52021455,-5.277588345,-10.55517669,3.6
926,L224,FM,TN,1L WP,0.3,9.31,10.02,31,2.38,0.595,"looked a little hurt, dead after experiment",14.42949518,4.128729746,7.991089832,87.57368635,11.47875465,22.21694449,3.6
927,L224,FM,TN,1L WP,0.3,9.32,10.03,31,1.76,0.44,,41.39055064,12.21704638,23.64589622,142.988364,28.10315794,54.39320891,3.6
928,L224,WS,TN,4L WP,2,9.38,10.09,31,19.51,4.8775,,19.82170627,38.30928716,74.1470074,222.1521892,345.6820366,669.0620064,3.6
929,L224,WS,TN,4L WP,2,9.38,10.1,32,16.26,4.065,,13.65917931,25.98423324,48.72043732,132.4331873,166.2440329,311.7075616,3.6
930,L224,WS,TN,4L WP,2,9.39,10.12,33,23.1,5.775,,15.19981105,29.06549672,52.84635767,185.2090707,271.7957998,494.1741814,3.6
931,L224,WS,TN,4L WP,3,9.42,10.13,31,63,15.75,,29.06549672,85.19530206,164.894133,187.8478649,415.6100822,804.4066107,3.6
932,L224,WS,TN,4L WP,3,9.43,10.14,31,82,20.5,,31.37644433,92.12814489,178.3125385,198.4030416,447.2756123,865.6947334,3.6
933,L224,WS,TN,4L WP,5,9.48,10.16,28,169,42.25,,32.91707607,161.2500669,345.5358575,177.2926882,639.9075869,1371.230543,3.6
934,L224,WS,TN,4L WP,4,9.5,10.27,37,145,36.25,,9.037284093,33.48088559,54.29332798,285.4832493,944.6883138,1531.926995,3.6
935,L224,PD,TN,1L WP,0.4,9.52,10.28,36,3.39,0.8475,,29.06549672,11.35937361,18.93228935,190.4866591,56.4701953,94.11699216,3.6
936,L224,PD,TN,1L WP,0.4,9.53,10.29,36,2.36,0.59,,29.06549672,11.35937361,18.93228935,227.4297775,71.24744266,118.7457378,3.6
937,L224,PD,TN,1L WP,0.5,9.55,10.3,35,4.87,1.2175,,49.86402521,24.59848126,42.16882501,132.4331873,41.56100822,71.24744266,3.6
938,L224,PD,TN,1L WP,0.5,9.56,10.31,35,6.39,1.5975,,57.56718391,28.45006061,48.77153247,346.1755153,148.4321722,254.4551524,3.6
939,L224,PD,TN,1L WP,0.3,9.57,10.31,34,1.71,0.4275,,44.47181412,13.14142543,23.19075075,237.9849542,56.602135,99.88612059,3.6
940,L224,PD,TN,1L WP,0.3,9.58,10.32,34,1.61,0.4025,,39.07960303,11.5237621,20.33605076,164.0987174,34.43626395,60.76987756,3.6
941,L224,PD,TN,1L WP,0.3,9.59,10.33,34,1.82,0.455,,24.4436015,7.13296164,12.58757936,121.8780106,21.77005192,38.41773869,3.6
942,L224,PD,TN,1L WP,0.4,10.05,10.34,29,2.88,0.72,,29.83581259,11.66749996,24.13965508,172.0150999,49.08157161,101.5480792,3.6
943,L224,PD,TN,1L WP,0.4,10.06,10.36,30,3.02,0.755,,45.24212999,17.83002692,35.66005383,119.2392164,27.97121823,55.94243646,3.6
944,L224,PD,TN,1L WP,0.4,10.07,10.37,30,4.42,1.105,,33.68739194,13.2081317,26.41626339,475.4764297,170.4661036,340.9322071,3.6
945,L224,PD,TN,1L WP,0.4,10.18,10.49,31,5.25,1.3125,,19.0513904,7.353731083,14.2330279,274.9280726,90.24676071,174.6711498,3.6
946,L224,PD,TN,1L WP,0.4,10.38,11.08,30,3.19,0.7975,,54.48592043,21.52754309,43.05508619,158.821129,43.80398327,87.60796653,3.6
947,L224,PD,TN,1L WP,0.4,10.4,11.1,30,3.04,0.76,,21.36233801,8.278110128,16.55622026,148.2659523,39.58191259,79.16382518,3.6
948,L224,PD,TN,1L WP,0.4,10.41,11.11,30,9.12,2.28,,48.32339347,19.06253231,38.12506462,222.1521892,69.13640732,138.2728146,3.6
949,L224,PD,TN,1L WP,0.4,10.43,11.12,29,4,1,,29.83581259,11.66749996,24.13965508,285.4832493,94.46883138,195.4527546,3.6
950,L224,CTL3,TN,4L WP,3,10.44,11.14,30,NA,NA,,-0.206506349,-2.620707134,-5.241414268,50.63056793,3.958191259,7.916382518,3.6
951,L224,CTL4,TN,1L WP,4,10.45,11.2,35,NA,NA,,1.334125391,2.668250783,4.574144199,47.99177376,-5.277588345,-9.047294306,3.6
1001,L222,YP,SN,1L WP,0.6,11.46,12.16,30,9.48,2.37,,36.76865542,19.87414945,39.7482989,137.7107756,64.1226984,128.2453968,10.31
1002,L222,YP,SN,1L WP,0.6,11.47,12.17,30,10.16,2.54,,102.2455044,59.16025883,118.3205177,224.7909833,116.370823,232.741646,10.31
1003,L222,YP,SN,1L WP,0.7,11.49,12.18,29,29.38,7.345,,91.4610822,61.47120644,127.1818064,586.305785,388.8263213,804.4682511,10.31
1004,L222,YP,SN,1L WP,0.7,11.52,12.19,27,19.55,4.8875,,47.5530776,30.73560322,68.30134049,182.5702766,106.2114654,236.0254788,10.31
1005,L222,YP,SN,1L WP,0.7,11.53,12.24,31,19.65,4.9125,,59.10781565,38.82391985,75.14307069,301.3160143,189.3334819,366.4519004,10.31
1006,L222,YP,SN,1L WP,0.7,11.55,12.25,30,23.84,5.96,,58.33749978,38.28469875,76.56939749,375.2022512,241.0538477,482.1076953,10.31
1007,L222,YP,SN,1L WP,0.3,11.55,12.26,31,2.04,0.51,,33.68739194,9.012695681,17.44392712,145.6271581,34.43626395,66.65083346,10.31
1008,L222,YP,SN,1L WP,0.3,11.56,12.27,31,2.31,0.5775,,22.90296975,5.777369026,11.18200457,259.0953076,68.47670878,132.5355654,10.31
1009,L222,YP,SN,1L WP,0.3,11.57,12.28,31,2.95,0.7375,,21.36233801,5.315179504,10.2874442,111.3228339,24.14496668,46.73219357,10.31
1010,L222,YP,SN,1L WP,0.3,11.58,12.28,30,3.09,0.7725,,80.67666001,23.1094761,46.21895221,145.6271581,34.43626395,68.87252791,10.31
1011,L222,YP,SN,1L WP,0.5,11.58,12.29,31,11.54,2.885,,54.48592043,25.42042371,49.20082009,253.8177192,111.4890538,215.7852654,10.31
1012,L222,YP,SN,1L WP,0.4,11.59,12.3,31,6.86,1.715,,503.5800727,199.9739999,387.0464514,177.2926882,58.58123063,113.383027,10.31
1013,L222,YP,SN,1L WP,0.4,12,12.31,31,6.83,1.7075,,35.99833955,12.94130662,25.04769023,190.4866591,63.85881898,123.5977142,10.31
1014,L222,YP,SN,1L WP,0.4,12.01,12.31,30,7.6,1.9,,45.24212999,16.63882279,33.27764559,269.6504843,95.52434905,191.0486981,10.31
1015,L222,YP,SN,1L WP,0.4,12.02,12.32,30,4.41,1.1025,,123.0440329,47.75958395,95.5191679,153.5435407,49.08157161,98.16314322,10.31
1101,L378,WS,TN,1L WP,0.5,9.24,9.56,32,12.97,3.2425,,61.50386618,29.6802368,55.650444,307.3375547,153.6687773,288.1289575,7.70
1102,L378,WS,TN,1L WP,0.5,9.24,9.56,32,9.06,2.265,dead after experiment,66.77386049,32.31523395,60.59106366,233.4997127,116.7498563,218.9059806,7.70
1103,L378,WS,TN,1L WP,0.5,9.25,9.57,32,9.76,2.44,,54.72815922,26.29238332,49.29821872,190.4276382,95.21381909,178.5259108,7.70
1104,L378,WS,TN,1L WP,0.6,9.26,9.58,32,18.97,4.7425,,62.25672251,36.06799796,67.62749617,208.8870987,125.3322592,234.997986,7.70
1105,L378,WS,TN,4L WP,2,9.3,9.59,29,83.2,20.8,,80.32527441,156.3637636,323.5112351,221.1934057,442.3868114,915.283058,7.70
1106,L378,WS,TN,4L WP,2,9.32,10.02,30,26.48,6.62,,58.49244087,112.6980966,225.3961931,98.13033568,196.2606714,392.5213427,7.70
1107,L378,WS,TN,4L WP,5,9.35,10.05,30,256,64,,36.65960733,172.5810737,345.1621474,202.7339452,1013.669726,2027.339452,7.70
1108,L378,WS,TN,4L WP,5,9.37,10.08,31,230,57.5,,18.59105543,82.2383142,159.1709307,202.7339452,1013.669726,1961.941405,7.70
1109,L378,WS,TN,4L WP,4,9.39,10.09,30,126,31.5,,11.06249214,35.6763982,71.35279639,387.3285502,1549.314201,3098.628401,7.70
1110,L378,WS,TN,4L WP,4,9.42,10.13,31,166,41.5,,17.08534277,59.76780073,115.6796143,362.7159362,1450.863745,2808.123377,7.70
1111,L378,WS,TN,4L WP,3,9.44,10.15,31,104,26,,13.32106112,33.53300561,64.9025915,411.9411642,1235.823493,2391.916437,7.70
1112,L378,WS,TN,4L WP,2,9.45,10.16,31,73,18.25,water reddish when at filtering stage,17.8381991,31.38961302,60.75408972,362.7159362,725.4318724,1404.061688,7.70
1113,L378,WS,TN,1L WP,0.3,9.46,10.17,31,7.98,1.995,,93.87668833,27.51998872,53.2644943,399.6348572,119.8904572,232.0460461,7.70
1114,L378,WS,TN,1L WP,0.4,9.48,10.17,29,15.71,3.9275,,94.62954466,36.99446083,76.54026379,165.8150242,66.32600967,137.2262269,7.70
1115,L378,WS,TN,1L WP,0.5,9.49,10.18,29,13.97,3.4925,,73.54956745,35.70308743,73.86845675,165.8150242,82.90751209,171.5327836,7.70
1116,L378,YP,TN,1L WP,0.4,9.5,10.19,29,14.13,3.5325,,27.62533138,10.19277552,21.08850107,116.5897962,46.63591847,96.48810718,7.70
1117,L378,YP,TN,1L WP,0.4,9.51,10.2,29,4.48,1.12,,35.15389467,13.20420083,27.3190362,128.8961032,51.55844127,106.6726371,7.70
1118,L378,YP,TN,1L WP,0.4,9.51,10.2,29,5.35,1.3375,,12.5682048,4.169924883,8.627430792,264.2654802,105.7061921,218.7024664,7.70
1119,L378,YP,TN,1L WP,0.3,9.52,10.21,29,2.65,0.6625,,26.87247505,7.418724738,15.34908566,153.5087172,46.05261515,95.28127273,7.70
1120,L378,YP,TN,1L WP,0.4,9.53,10.22,29,5.97,1.4925,,17.08534277,5.976780073,12.36575187,196.5807917,78.63231667,162.6875517,7.70
1121,L378,YP,TN,1L WP,0.4,10.01,10.32,31,3.71,0.9275,,39.67103264,15.01105602,29.05365682,110.4366427,44.17465707,85.49933627,7.70
1122,L378,YP,TN,1L WP,0.6,10.03,10.32,29,13.18,3.295,,24.61390606,13.48230808,27.89443052,239.6528662,143.7917197,297.5001097,7.70
1123,L378,YP,TN,1L WP,0.6,10.05,10.35,30,15,3.75,,69.7852858,40.58513593,81.17027186,153.5087172,92.10523031,184.2104606,7.70
1124,L378,YP,TN,1L WP,0.6,10.07,10.37,30,13.41,3.3525,,99.14668264,58.20197403,116.4039481,208.8870987,125.3322592,250.6645184,7.70
1125,L378,YP,TN,1L WP,0.3,10.1,10.4,30,3.89,0.9725,,53.97530289,15.54957309,31.09914618,104.2834892,31.28504675,62.57009351,7.70
1126,L378,YP,TN,1L WP,0.6,10.12,10.42,30,15.75,3.9375,,27.62533138,15.28916327,30.57832655,356.5627827,213.9376696,427.8753392,7.70
1127,L378,YP,TN,1L WP,0.6,10.14,10.44,30,19.07,4.7675,,26.11961872,14.38573568,28.77147136,565.7700017,339.462001,678.924002,7.70
1128,L378,YP,TN,4L WP,2,10.23,10.55,32,34.47,8.6175,leech on caudal fin,35.906751,67.52671682,126.612594,104.2834892,208.5669784,391.0630844,7.70
1129,L378,YP,TN,1L WP,0.7,10.25,10.55,30,21.32,5.33,,87.8538377,59.99731158,119.9946232,251.9591732,176.3714212,352.7428424,7.70
1130,L378,YP,TN,1L WP,0.7,10.26,10.56,30,20,5,,36.65960733,24.16135032,48.32270063,461.1663922,322.8164745,645.632949,7.70
1131,L378,CTL1,TN,1L WP,0.5,10.27,10.56,29,NA,NA,,-2.488921786,-2.316157187,-4.792049352,-0.160060161,-0.08003008,-0.165579476,7.70
1132,L378,PD,TN,1L WP,0.5,10.34,11.04,30,6.16,1.54,,39.67103264,18.76382003,37.52764005,122.7429497,61.37147484,122.7429497,7.70
1133,L378,PD,TN,1L WP,0.5,10.36,11.04,28,7.36,1.84,,47.19959593,22.52810167,48.27450358,135.0492567,67.52462834,144.6956322,7.70
1134,L378,PD,TN,1L WP,0.5,10.38,11.08,30,5.9,1.475,put net from anesthetic bin in bag,48.70530859,23.280958,46.561916,202.7339452,101.3669726,202.7339452,7.70
1135,L378,PD,TN,1L WP,0.4,10.39,11.09,30,2.86,0.715,,32.14246935,11.99963071,23.99926141,128.8961032,51.55844127,103.1168825,7.70
1136,L378,PD,TN,1L WP,0.4,10.41,11.1,29,2.87,0.7175,,75.05528011,29.16475501,60.34087243,73.51772168,29.40708867,60.84225242,7.70
1137,L378,PD,TN,1L WP,0.4,10.43,11.12,29,4.3,1.075,,76.56099277,29.76704007,61.58697946,85.82402868,34.32961147,71.02678235,7.70
1138,L378,PD,TN,1L WP,0.4,10.44,11.14,30,3.53,0.8825,,54.72815922,21.03390665,42.06781331,122.7429497,49.09717987,98.19435974,7.70
1139,L378,PD,TN,1L WP,0.4,10.47,11.18,31,2.72,0.68,,45.69388327,17.42019627,33.71650892,128.8961032,51.55844127,99.79053149,7.70
1140,L378,PD,TN,1L WP,0.4,10.48,11.19,31,2.67,0.6675,,51.71673391,19.82933653,38.37936102,98.13033568,39.25213427,75.97187278,7.70
1141,L378,PD,TN,1L WP,0.4,10.48,11.2,32,2.68,0.67,,29.13104403,10.79506058,20.24073859,153.5087172,61.40348687,115.1315379,7.70
1142,L378,PD,TN,1L WP,0.4,10.49,11.21,32,2.84,0.71,,45.69388327,17.42019627,32.66286801,48.90510768,19.56204307,36.67883076,7.70
1143,L378,PD,TN,1L WP,0.4,10.49,11.21,32,2.71,0.6775,,54.72815922,21.03390665,39.43857498,110.4366427,44.17465707,82.82748201,7.70
1144,L378,PD,TN,1L WP,0.4,10.5,11.22,32,2.76,0.69,,30.63675669,11.39734564,21.37002308,67.36456818,26.94582727,50.52342613,7.70
1145,L378,PD,TN,1L WP,0.4,10.51,11.22,31,2.84,0.71,,54.72815922,21.03390665,40.71078707,42.75195418,17.10078167,33.09828711,7.70
1146,L378,PD,TN,1L WP,0.4,10.52,11.23,31,3.1,0.775,,42.68245796,16.21562615,31.38508287,42.75195418,17.10078167,33.09828711,7.70
1147,L378,CTL2,TN,4L WP,3,10.54,11.24,30,NA,NA,,4.286785175,6.430177763,12.86035553,-3.236636911,-9.709910732,-19.41982146,7.70
