ID,Site.name,Species.code,Sampling.method,Incub.Container,Vol..pre-filtered.water,Incub..Start.time,Incub..End.time,Time.elapsed,Wet.mass,Dry.mass,Comments,SRP,P.excretion,P.excretion.rate,NH4,N.excretion,N.excretion.rate,Amhistorical.DOC,AmDOC,DOC,C.excretion,C.excretion.rate,RamanArea,A254,SUVA254,SUVA.excretion,SUVA.excretion.rate,A280,A350,A440,S275to295,S350to400,SR,SR.excretion.rate,SR.excretion,BA,BA.excretion,BA.excretion.rate,FI,FI.excretion,FI.excretion.rate,HIX,HIX.ohno,HIX.excretion,HIX.excretion.rate,PeakA,PeakB,PeakC,PeakD,PeakE,PeakM,PeakN,PeakP,PeakT,C1,C1.excretion,C1.excretion.rate,C2,C2.excretion,C2.excretion.rate,C3,C3.excretion,C3.excretion.rate,C4,C4.excretion,C4.excretion.rate,C5,C5.excretion,C5.excretion.rate,C6,C7,C7.excretion,C7.excretion.rate,AmRamanArea,AmA254,AmSUVA254,AmA280,AmA350,AmA440,AmS275to295,AmS350to400,AmSR,AmBA,AmFI,AmHIX,AmHIX.ohno,AmPeakA,AmPeakB,AmPeakC,AmPeakD,AmPeakE,AmPeakM,AmPeakN,AmPeakP,AmPeakT,AmC1,AmC2,AmC3,AmC4,AmC5,AmC6,AmC7
101,L239,YP,TN,1L WP,0.2,9.4,10.12,32,1.53,0.3825,dead after experiment,51.11644791,9.768620786,18.31616397,252.1642482,49.33954333,92.51164374,7.55,7.156,NA,NA,NA,NA,NA,NA,NA,NA,NA,NA,NA,NA,NA,NA,NA,NA,NA,NA,NA,NA,NA,NA,NA,NA,NA,NA,NA,NA,NA,NA,NA,NA,NA,NA,NA,NA,NA,NA,NA,NA,NA,NA,NA,NA,NA,NA,NA,NA,NA,NA,NA,NA,NA,NA,135.3255103,23.25413827,3.249600094,16.7208001,5.171385897,1.077515404,0.017078863,0.018119912,0.942546677,0.45906881,1.2246417,8.703996428,0.896949674,1.652615157,0.434936363,1.031957253,0.426564663,0.111372499,1.234758148,0.374734498,NA,0.224853155,0.772422998,1.204860883,0.392932009,0.186234739,0.135777675,0,0.21650598
102,L239,YP,TN,1L WP,0.3,9.42,10.19,37,4.26,1.065,,54.95631457,15.80489118,25.62955326,295.7907918,87.09727807,141.2388293,7.55,7.156,NA,NA,NA,NA,NA,NA,NA,NA,NA,NA,NA,NA,NA,NA,NA,NA,NA,NA,NA,NA,NA,NA,NA,NA,NA,NA,NA,NA,NA,NA,NA,NA,NA,NA,NA,NA,NA,NA,NA,NA,NA,NA,NA,NA,NA,NA,NA,NA,NA,NA,NA,NA,NA,NA,135.3255103,23.25413827,3.249600094,16.7208001,5.171385897,1.077515404,0.017078863,0.018119912,0.942546677,0.45906881,1.2246417,8.703996428,0.896949674,1.652615157,0.434936363,1.031957253,0.426564663,0.111372499,1.234758148,0.374734498,NA,0.224853155,0.772422998,1.204860883,0.392932009,0.186234739,0.135777675,0,0.21650598
103,L239,YP,TN,1L WP,0.3,9.44,10.21,37,4.06,1.015,,33.91384526,9.492150387,15.3926763,314.4878819,92.7064051,150.334711,7.55,7.156,NA,NA,NA,NA,NA,NA,NA,NA,NA,NA,NA,NA,NA,NA,NA,NA,NA,NA,NA,NA,NA,NA,NA,NA,NA,NA,NA,NA,NA,NA,NA,NA,NA,NA,NA,NA,NA,NA,NA,NA,NA,NA,NA,NA,NA,NA,NA,NA,NA,NA,NA,NA,NA,NA,135.3255103,23.25413827,3.249600094,16.7208001,5.171385897,1.077515404,0.017078863,0.018119912,0.942546677,0.45906881,1.2246417,8.703996428,0.896949674,1.652615157,0.434936363,1.031957253,0.426564663,0.111372499,1.234758148,0.374734498,NA,0.224853155,0.772422998,1.204860883,0.392932009,0.186234739,0.135777675,0,0.21650598
104,L239,YP,TN,1L WP,0.3,9.27,9.57,30,0.75,0.1875,did not look good after being weighted,9.953077296,2.303919997,4.607839994,49.61243876,13.24377216,26.48754431,7.55,7.156,4.878,-0.0552,-0.1104,136.0420169,10.65729061,2.184766424,0.038633519,0.077267038,7.310609493,2.017814539,0.374792419,0.020571852,0.01916834,1.073220301,-0.008679703,-0.017359405,0.531817434,0.002635692,0.005271385,1.343936592,0.002436938,0.004873877,5.296313397,0.841176902,0.001676693,0.003353386,0.67037318,0.142185885,0.378772079,0.148126043,0.032555696,0.371930362,0.206607431,NA,0.187999785,0.268286496,-0.00025168,-0.00050336,0.386145241,-0.001673031,-0.003346062,0.193470632,0.001096699,0.002193399,0.052759133,-0.000291655,-0.00058331,0.078891384,-0.000644762,-0.001289525,0,0.172736053,0.000993041,0.001986081,135.3255103,23.25413827,3.249600094,16.7208001,5.171385897,1.077515404,0.017078863,0.018119912,0.942546677,0.45906881,1.2246417,8.703996428,0.896949674,1.652615157,0.434936363,1.031957253,0.426564663,0.111372499,1.234758148,0.374734498,NA,0.224853155,0.772422998,1.204860883,0.392932009,0.186234739,0.135777675,0,0.21650598
105,L239,YP,TN,1L WP,0.7,9.3,10,30,16.35,4.0875,,21.01189328,13.11698452,26.23396903,124.4007992,83.25398732,166.5079746,7.55,7.156,5.291,0.1603,0.3206,139.7355471,11.00818375,2.080548809,0.017192547,0.034385095,7.628837286,2.173596341,0.51443696,0.020136254,0.017987017,1.119488235,0.012134914,0.024269829,0.509643481,-0.009371818,-0.018743637,1.311113986,-0.017289635,-0.03457927,4.043977798,0.801743774,-0.023690905,-0.047381811,0.675347181,0.343654046,0.398098715,0.14642579,0.034009689,0.41713648,0.227246161,NA,0.223161344,0.269134361,6.25305E-06,1.25061E-05,0.393889454,0.00151721,0.00303442,0.196056859,0.004369325,0.008738649,0.047480625,-0.004375485,-0.008750969,0.075780035,-0.003682391,-0.007364781,0,0.22488987,0.038824767,0.077649533,135.3255103,23.25413827,3.249600094,16.7208001,5.171385897,1.077515404,0.017078863,0.018119912,0.942546677,0.45906881,1.2246417,8.703996428,0.896949674,1.652615157,0.434936363,1.031957253,0.426564663,0.111372499,1.234758148,0.374734498,NA,0.224853155,0.772422998,1.204860883,0.392932009,0.186234739,0.135777675,0,0.21650598
106,L239,CTL1,TN,1L WP,0.3,9.35,10.05,30,NA,NA,,2.119749307,-0.0460784,-0.0921568,10.1408041,1.402281758,2.804563516,7.55,7.156,5.021,-0.0123,-0.0246,136.1236315,10.41082696,2.073456874,0.005240654,0.010481308,7.078556323,1.91613398,0.383658418,0.020878083,0.018461864,1.130876255,0.008617084,0.017234167,0.526917068,0.001165583,0.002331165,1.337996943,0.000655044,0.001310087,4.572156608,0.820536272,-0.004515496,-0.009030992,0.664203772,0.24891932,0.383586277,0.146438525,0.035642161,0.382822895,0.20972734,NA,0.191597926,0.265925578,-0.000959955,-0.00191991,0.389969267,-0.000525823,-0.001051646,0.189693465,-3.64507E-05,-7.29013E-05,0.053160424,-0.000171268,-0.000342536,0.079835624,-0.000361491,-0.000722981,0,0.18879861,0.005811808,0.011623616,135.3255103,23.25413827,3.249600094,16.7208001,5.171385897,1.077515404,0.017078863,0.018119912,0.942546677,0.45906881,1.2246417,8.703996428,0.896949674,1.652615157,0.434936363,1.031957253,0.426564663,0.111372499,1.234758148,0.374734498,NA,0.224853155,0.772422998,1.204860883,0.392932009,0.186234739,0.135777675,0,0.21650598
107,L239,CTL2,TN,1L WP,0.7,9.38,10.15,37,NA,NA,,2.42693864,0.107516267,0.174350702,0.792259048,-3.271990768,-5.305930975,7.55,7.156,5.103,0.0287,0.046540541,136.0420169,10.40256338,2.03851918,-0.012228193,-0.019829502,7.129005086,1.994141553,0.44374845,0.020637962,0.019226201,1.073429031,-0.020106528,-0.032605181,0.519146518,-0.002719693,-0.004410312,1.333629985,-0.001528435,-0.002478544,5.695214102,0.850639579,0.010536157,0.017085661,0.670832903,0.152018196,0.383056825,0.150713551,0.033811579,0.380057609,0.190822589,NA,0.149850272,0.272325279,0.002239896,0.003632263,0.393474754,0.001226921,0.001989601,0.189936469,8.50515E-05,0.000137921,0.05430221,0.000399625,0.00064804,0.082245561,0.000843478,0.001367802,0,0.150053225,-0.013560885,-0.021990624,135.3255103,23.25413827,3.249600094,16.7208001,5.171385897,1.077515404,0.017078863,0.018119912,0.942546677,0.45906881,1.2246417,8.703996428,0.896949674,1.652615157,0.434936363,1.031957253,0.426564663,0.111372499,1.234758148,0.374734498,NA,0.224853155,0.772422998,1.204860883,0.392932009,0.186234739,0.135777675,0,0.21650598
108,L239,YP,SN,1L WP,0.3,10.43,11.13,30,3.17,0.7925,,17.93999995,4.699996793,9.399993587,214.770068,62.79106093,125.5821219,7.55,7.156,4.889,-0.0519,-0.1038,136.213139,11.02770139,2.255614929,0.059888071,0.119776141,7.590909345,1.970108284,0.377554996,0.020620883,0.02015356,1.023188118,-0.023689357,-0.047378715,0.54410316,0.00632141,0.01264282,1.300004157,-0.010742792,-0.021485584,4.439483497,0.816159016,-0.005828673,-0.011657346,0.679334093,0.233803531,0.399396442,0.147285947,0.040278039,0.398491358,0.252259409,NA,0.226165033,0.27463404,0.001652583,0.003305167,0.411509099,0.005936126,0.011872253,0.186133423,-0.001104463,-0.002208926,0.061547405,0.002344827,0.004689653,0.085185181,0.001243377,0.002486753,0,0.215385676,0.013787927,0.027575855,135.3255103,23.25413827,3.249600094,16.7208001,5.171385897,1.077515404,0.017078863,0.018119912,0.942546677,0.45906881,1.2246417,8.703996428,0.896949674,1.652615157,0.434936363,1.031957253,0.426564663,0.111372499,1.234758148,0.374734498,NA,0.224853155,0.772422998,1.204860883,0.392932009,0.186234739,0.135777675,0,0.21650598
109,L239,YP,SN,1L WP,0.3,10.44,11.15,31,3.11,0.7775,,41.28638925,11.70391358,22.65273597,298.9069735,88.03213257,170.3847727,7.55,7.156,5.141,0.0237,0.045870968,136.7460451,10.65325835,2.072215202,0.004868153,0.009422231,7.319273494,2.01579789,0.412120116,0.019709341,0.018895363,1.043078194,-0.017722335,-0.034301293,0.557338392,0.01029198,0.019919961,1.365132283,0.008795646,0.01702383,4.878820512,0.829897851,-0.001707022,-0.003303914,0.686631104,0.22681587,0.42500618,0.14101744,0.031900784,0.457656259,0.244762012,NA,0.225464208,0.264089055,-0.001510912,-0.002924346,0.467805516,0.022825052,0.044177519,0.179056615,-0.003227505,-0.006246785,0.046440777,-0.002187162,-0.004233217,0.068559087,-0.003744452,-0.007247326,0,0.208490306,0.011719317,0.022682548,135.3255103,23.25413827,3.249600094,16.7208001,5.171385897,1.077515404,0.017078863,0.018119912,0.942546677,0.45906881,1.2246417,8.703996428,0.896949674,1.652615157,0.434936363,1.031957253,0.426564663,0.111372499,1.234758148,0.374734498,NA,0.224853155,0.772422998,1.204860883,0.392932009,0.186234739,0.135777675,0,0.21650598
110,L239,YP,SN,1L WP,0.5,10.46,11.16,30,7,1.75,,12.25699729,4.99182666,9.983653319,311.3717002,152.9525843,305.9051686,7.55,7.156,5.117,0.0275,0.055,136.1236315,10.63117651,2.077619017,0.010815495,0.02163099,7.266973991,1.889513007,0.345318883,0.021122754,0.01830011,1.154241882,0.026044619,0.052089239,0.521368901,-0.000831446,-0.001662891,1.273199152,-0.031307156,-0.062614312,4.921264938,0.831117167,-0.002235379,-0.004470758,0.67838205,0.194344898,0.383554838,0.150823197,0.03466709,0.382287168,0.20908488,NA,0.198530703,0.271748136,0.001311354,0.002622708,0.388487682,-0.001617165,-0.003234329,0.195830162,0.003007597,0.006015195,0.053919903,9.42928E-05,0.000188586,0.083331976,0.001145692,0.002291383,0,0.188115001,0.009344542,0.018689084,135.3255103,23.25413827,3.249600094,16.7208001,5.171385897,1.077515404,0.017078863,0.018119912,0.942546677,0.45906881,1.2246417,8.703996428,0.896949674,1.652615157,0.434936363,1.031957253,0.426564663,0.111372499,1.234758148,0.374734498,NA,0.224853155,0.772422998,1.204860883,0.392932009,0.186234739,0.135777675,0,0.21650598
111,L239,YP,SN,1L WP,0.5,10.47,11.17,30,5.65,1.4125,,19.78313595,8.754895988,17.50979198,273.97752,134.2554942,268.5109884,7.55,7.156,4.895,-0.0835,-0.167,137.2924599,10.85659901,2.21789561,0.080953791,0.161907583,7.503561524,2.037688682,0.406667636,0.019992237,0.019117376,1.045762625,-0.028195009,-0.056390017,0.512170011,-0.005430891,-0.010861781,1.332021088,-0.001896188,-0.003792376,4.94862075,0.831893805,-0.00184706,-0.00369412,0.660198949,0.183239671,0.381416421,0.143863799,0.032732349,0.37005762,0.222793443,NA,0.206827122,0.26286567,-0.003129879,-0.006259759,0.375542653,-0.008089679,-0.016179357,0.194082782,0.002133907,0.004267815,0.04989373,-0.001918794,-0.003837587,0.082744644,0.000852026,0.001704051,0,0.192824764,0.011699423,0.023398847,135.3255103,23.25413827,3.249600094,16.7208001,5.171385897,1.077515404,0.017078863,0.018119912,0.942546677,0.45906881,1.2246417,8.703996428,0.896949674,1.652615157,0.434936363,1.031957253,0.426564663,0.111372499,1.234758148,0.374734498,NA,0.224853155,0.772422998,1.204860883,0.392932009,0.186234739,0.135777675,0,0.21650598
112,L239,YP,SN,1L WP,0.6,10.49,11.19,30,8.63,2.1575,,13.02497062,6.450975991,12.90195198,250.0867938,146.7721573,293.5443146,7.55,7.156,4.986,-0.0456,-0.0912,136.213139,11.05969257,2.218149333,0.097296784,0.194593567,7.655371099,2.165099356,0.521071835,0.020349509,0.016998054,1.197166977,0.0570086,0.114017201,0.516440932,-0.003954516,-0.007909032,1.31695903,-0.01131266,-0.02262532,4.755820773,0.826262832,-0.005595056,-0.011190112,0.693956239,0.202243642,0.391658566,0.148672122,0.0363628,0.386661716,0.240884109,NA,0.22307929,0.275884613,0.004055511,0.008111022,0.398941947,0.004331962,0.008663923,0.201586366,0.007062839,0.014125678,0.053030205,-0.000420667,-0.000841334,0.083846509,0.00168355,0.0033671,0,0.204590496,0.021098747,0.042197494,135.3255103,23.25413827,3.249600094,16.7208001,5.171385897,1.077515404,0.017078863,0.018119912,0.942546677,0.45906881,1.2246417,8.703996428,0.896949674,1.652615157,0.434936363,1.031957253,0.426564663,0.111372499,1.234758148,0.374734498,NA,0.224853155,0.772422998,1.204860883,0.392932009,0.186234739,0.135777675,0,0.21650598
113,L239,YP,SN,1L WP,0.6,10.51,"11,21",30,9.66,2.415,,9.185103964,4.147055994,8.294111988,494.1876923,293.2326965,586.4653929,7.55,7.156,5.235,0.1038,0.2076,137.6690032,10.69257662,2.042517024,-0.008082602,-0.016165203,7.329875077,1.925391368,0.371818075,0.019168494,0.02007982,0.954614832,-0.088522687,-0.177045374,0.545448262,0.013449881,0.026899763,1.335237905,-0.000345336,-0.000690671,4.365305463,0.813617322,-0.013182362,-0.026364724,0.681468963,0.253925512,0.395730527,0.155028792,0.041961493,0.399417637,0.231792436,NA,0.221218021,0.281377096,0.007351001,0.014702001,0.404931815,0.007925882,0.015851765,0.180177688,-0.005782367,-0.011564735,0.066296462,0.007539087,0.015078174,0.090744648,0.005822433,0.011644866,0,0.214215333,0.026873649,0.053747298,135.3255103,23.25413827,3.249600094,16.7208001,5.171385897,1.077515404,0.017078863,0.018119912,0.942546677,0.45906881,1.2246417,8.703996428,0.896949674,1.652615157,0.434936363,1.031957253,0.426564663,0.111372499,1.234758148,0.374734498,NA,0.224853155,0.772422998,1.204860883,0.392932009,0.186234739,0.135777675,0,0.21650598
114,L239,YP,SN,1L WP,0.6,10.53,11.24,31,8.65,2.1625,,31.4563306,17.50979198,33.88991995,279.1711562,164.2227747,317.8505318,7.55,7.156,5.244,0.1092,0.211354839,136.4703549,11.82383668,2.254736208,0.119248909,0.230804339,8.174254476,2.422820899,0.626618164,0.019986517,0.016824418,1.187946988,0.051476607,0.099632143,0.499139528,-0.014335359,-0.027745856,1.250836689,-0.050986065,-0.098682706,4.047605877,0.801886276,-0.02022099,-0.0391374,0.717151512,0.420179202,0.4283732,0.152662403,0.039262905,0.487740464,0.246585986,NA,0.248276515,0.286037106,0.010147007,0.019639368,0.450793508,0.035442898,0.068599158,0.206073622,0.009755193,0.018881018,0.053573938,-9.44273E-05,-0.000182762,0.074138292,-0.00414138,-0.008015575,0,0.242998623,0.044143623,0.085439271,135.3255103,23.25413827,3.249600094,16.7208001,5.171385897,1.077515404,0.017078863,0.018119912,0.942546677,0.45906881,1.2246417,8.703996428,0.896949674,1.652615157,0.434936363,1.031957253,0.426564663,0.111372499,1.234758148,0.374734498,NA,0.224853155,0.772422998,1.204860883,0.392932009,0.186234739,0.135777675,0,0.21650598
115,L239,YP,SN,1L WP,0.6,10.56,11.26,30,6.3,1.575,,13.94653862,7.00391679,14.00783358,163.8724338,95.04354136,190.0870827,7.55,7.156,6.796,1.0404,2.0808,136.7460451,11.46576505,1.687134351,-0.221312205,-0.442624411,8.069676635,2.158771811,0.426538604,0.021991052,0.019327778,1.13779513,0.021385492,0.042770984,0.511381521,-0.006990163,-0.013980326,1.276178615,-0.03578091,-0.071561819,2.310083631,0.69789283,-0.082617057,-0.165234115,0.737089708,0.920644724,0.545176269,0.156650829,0.034575912,0.922015931,0.36657308,NA,0.480097331,0.313286171,0.026496445,0.052992891,0.747314887,0.213355726,0.426711451,0.081909511,-0.064743274,-0.129486547,0.053554811,-0.000105904,-0.000211808,0.009346861,-0.043016239,-0.086032478,0,0.458988012,0.173737257,0.347474513,135.3255103,23.25413827,3.249600094,16.7208001,5.171385897,1.077515404,0.017078863,0.018119912,0.942546677,0.45906881,1.2246417,8.703996428,0.896949674,1.652615157,0.434936363,1.031957253,0.426564663,0.111372499,1.234758148,0.374734498,NA,0.224853155,0.772422998,1.204860883,0.392932009,0.186234739,0.135777675,0,0.21650598
116,L239,YP,SN,1L WP,0.6,10.58,11.28,30,6.04,1.51,,25.77332794,14.09999038,28.19998076,93.03123689,52.53882319,105.0776464,7.55,7.156,5.249,0.1122,0.2244,135.7660917,11.71421279,2.231703713,0.105429411,0.210858823,8.21445479,2.324797788,0.578708109,0.019523524,0.017667211,1.105071106,0.001751078,0.003502155,0.513552983,-0.005687286,-0.011374572,1.311293963,-0.0147117,-0.029423401,3.325042092,0.768788377,-0.040079729,-0.080159457,0.735573024,0.385068472,0.44249018,0.165277444,0.046450766,0.460120743,0.405691468,NA,0.464150503,0.300371852,0.018747854,0.037495709,0.438950191,0.028336908,0.056673816,0.18557999,-0.002540986,-0.005081972,0.06072396,0.004195586,0.008391171,0.154143392,0.04386168,0.087723359,0,0.393723656,0.134578643,0.269157286,135.3255103,23.25413827,3.249600094,16.7208001,5.171385897,1.077515404,0.017078863,0.018119912,0.942546677,0.45906881,1.2246417,8.703996428,0.896949674,1.652615157,0.434936363,1.031957253,0.426564663,0.111372499,1.234758148,0.374734498,NA,0.224853155,0.772422998,1.204860883,0.392932009,0.186234739,0.135777675,0,0.21650598
117,L239,YP,SN,1L WP,0.3,11,11.3,30,2.97,0.7425,dead after experiment,26.54130127,7.28038719,14.56077438,199.1891596,58.11678841,116.2335768,7.55,7.156,4.982,-0.024,-0.048,136.213139,10.7273334,2.153218265,0.029169071,0.058338143,7.417320645,2.063294562,0.39327472,0.020208116,0.019881974,1.016403908,-0.025724621,-0.051449241,0.54334439,0.006093779,0.012187558,1.292432682,-0.013014235,-0.026028469,4.76325391,0.826486909,-0.002730305,-0.00546061,0.671426912,0.184826057,0.389540175,0.148794029,0.035809625,0.401681623,0.221407074,NA,0.216626485,0.269271709,4.38843E-05,8.77686E-05,0.413426926,0.006511475,0.013022949,0.185366022,-0.001334684,-0.002669367,0.057548604,0.001145186,0.002290372,0.084087674,0.000914124,0.001828248,0,0.198959876,0.008860187,0.017720375,135.3255103,23.25413827,3.249600094,16.7208001,5.171385897,1.077515404,0.017078863,0.018119912,0.942546677,0.45906881,1.2246417,8.703996428,0.896949674,1.652615157,0.434936363,1.031957253,0.426564663,0.111372499,1.234758148,0.374734498,NA,0.224853155,0.772422998,1.204860883,0.392932009,0.186234739,0.135777675,0,0.21650598
118,L239,YP,SN,1L WP,0.3,11.02,11.35,33,0.96,0.24,,19.32235195,5.114702393,9.299458896,66.23207441,18.22966285,33.14484155,7.55,7.156,4.892,-0.051,-0.092727273,136.213139,10.63679308,2.174324015,0.035500796,0.064546903,7.276816442,1.970524307,0.376025266,0.020998167,0.019955374,1.052256273,-0.014968911,-0.027216202,0.568859206,0.013748224,0.024996771,1.299127539,-0.011005777,-0.020010504,4.4929289,0.817947762,-0.005292049,-0.009621907,0.677456752,0.210817198,0.397479988,0.145955671,0.041810926,0.399380505,0.241764293,NA,0.222594196,0.271244888,0.000635838,0.001156069,0.413773565,0.006615466,0.012028121,0.18091951,-0.002668637,-0.004852068,0.059927039,0.001858717,0.003379485,0.08144094,0.000120104,0.000218372,0,0.209076972,0.011895316,0.021627848,135.3255103,23.25413827,3.249600094,16.7208001,5.171385897,1.077515404,0.017078863,0.018119912,0.942546677,0.45906881,1.2246417,8.703996428,0.896949674,1.652615157,0.434936363,1.031957253,0.426564663,0.111372499,1.234758148,0.374734498,NA,0.224853155,0.772422998,1.204860883,0.392932009,0.186234739,0.135777675,0,0.21650598
119,L239,YP,SN,1L WP,0.3,11.03,11.35,32,2.26,0.565,,25.46613861,6.95783839,13.04594698,175.2984334,50.94957053,95.53044475,7.55,7.156,5.148,0.0258,0.048375,136.4703549,11.90276539,2.31211449,0.076837939,0.144071135,8.530061571,2.730551655,0.682201754,0.018065489,0.016866421,1.071092022,-0.009318186,-0.017471599,0.531026663,0.002398461,0.004497115,1.223749994,-0.033619041,-0.063035702,4.772533633,0.826765843,-0.002646625,-0.004962421,0.710328813,0.250151764,0.440124829,0.159299585,0.044696952,0.490889125,0.241188076,NA,0.22876217,0.296133191,0.008102329,0.015191866,0.49341203,0.030507006,0.057200636,0.165238314,-0.007372996,-0.013824368,0.066898248,0.003950079,0.007406399,0.079524978,-0.000454684,-0.000852533,0,0.213454384,0.01320854,0.024766012,135.3255103,23.25413827,3.249600094,16.7208001,5.171385897,1.077515404,0.017078863,0.018119912,0.942546677,0.45906881,1.2246417,8.703996428,0.896949674,1.652615157,0.434936363,1.031957253,0.426564663,0.111372499,1.234758148,0.374734498,NA,0.224853155,0.772422998,1.204860883,0.392932009,0.186234739,0.135777675,0,0.21650598
120,L239,YP,SN,1L WP,0.3,11.04,11.39,35,3.42,0.855,,48.04455458,13.73136318,23.53947974,285.4035195,83.98109638,143.9675938,7.55,7.156,4.869,-0.0579,-0.099257143,139.7355471,11.11413612,2.282632186,0.067993248,0.116559853,7.686522824,2.146651178,0.456622543,0.020364379,0.019174035,1.062081041,-0.012021481,-0.020608252,0.522856226,-5.26699E-05,-9.02913E-05,1.326710709,-0.002730826,-0.004681417,5.12209193,0.836657141,0.000320765,0.000549882,0.65272631,0.17188125,0.378532553,0.142771169,0.035085612,0.370737554,0.209247823,NA,0.192785305,0.263041818,-0.001825083,-0.003128714,0.379831383,-0.003567188,-0.00611518,0.190955134,0.00034205,0.000586371,0.050409098,-0.000996666,-0.00170857,0.080565066,-0.000142658,-0.000244557,0,0.177852705,0.002528036,0.004333776,135.3255103,23.25413827,3.249600094,16.7208001,5.171385897,1.077515404,0.017078863,0.018119912,0.942546677,0.45906881,1.2246417,8.703996428,0.896949674,1.652615157,0.434936363,1.031957253,0.426564663,0.111372499,1.234758148,0.374734498,NA,0.224853155,0.772422998,1.204860883,0.392932009,0.186234739,0.135777675,0,0.21650598
121,L239,YP,SN,1L WP,0.3,11.06,11.39,33,4.41,1.1025,,54.3419359,15.62057758,28.40105014,321.7589725,94.88773228,172.5231496,7.55,7.156,5.068,0.0018,0.003272727,133.9087152,10.9608394,2.162754421,0.032029918,0.058236215,7.460509649,2.003129992,0.359099591,0.020921434,0.020860379,1.002926864,-0.029767734,-0.054123152,0.606930638,0.025169654,0.045763007,1.297988621,-0.011347453,-0.020631732,2.395528635,0.705495047,-0.039027863,-0.070959752,0.702712997,0.334818981,0.408177587,0.157031683,0.037510315,0.447938544,0.400334895,NA,0.585887038,0.282009571,0.003865243,0.007027714,0.425737487,0.010204643,0.018553896,0.190185444,0.000111143,0.000202078,0.052057916,-0.00050202,-0.000912764,0.075462562,-0.001673409,-0.003042562,0,0.44746812,0.083412661,0.151659383,135.3255103,23.25413827,3.249600094,16.7208001,5.171385897,1.077515404,0.017078863,0.018119912,0.942546677,0.45906881,1.2246417,8.703996428,0.896949674,1.652615157,0.434936363,1.031957253,0.426564663,0.111372499,1.234758148,0.374734498,NA,0.224853155,0.772422998,1.204860883,0.392932009,0.186234739,0.135777675,0,0.21650598
122,L239,YP,SN,1L WP,0.3,11.07,11.43,36,1.86,0.465,dead after experiment,12.71778129,3.133331196,5.222218659,144.1366165,41.60102548,69.33504247,7.55,7.156,5.262,0.06,0.1,137.6690032,11.12463751,2.114146239,0.017447464,0.029079106,7.666966778,2.126133682,0.415241257,0.020690495,0.02014154,1.027254854,-0.022469337,-0.037448894,0.514124108,-0.002672305,-0.004453842,1.248688858,-0.026137382,-0.043562303,3.786052625,0.791059548,-0.013358513,-0.022264189,0.690754691,0.371382276,0.411395601,0.157599759,0.043053715,0.42380565,0.253037431,NA,0.257234254,0.279260091,0.003040399,0.005067331,0.412642521,0.006276153,0.010460255,0.185307602,-0.001352209,-0.002253682,0.064213405,0.003144626,0.005241044,0.086189589,0.001544699,0.002574498,0,0.253854195,0.025328483,0.042214139,135.3255103,23.25413827,3.249600094,16.7208001,5.171385897,1.077515404,0.017078863,0.018119912,0.942546677,0.45906881,1.2246417,8.703996428,0.896949674,1.652615157,0.434936363,1.031957253,0.426564663,0.111372499,1.234758148,0.374734498,NA,0.224853155,0.772422998,1.204860883,0.392932009,0.186234739,0.135777675,0,0.21650598
924,L224,CTL1,TN,1L WP,0.3,10.38,11.08,30,NA,NA,,3.645073002,0,0,32.15900872,0.395819126,0.791638252,3.6,3.462,4.892,-0.0345,-0.069,137.2924599,10.08834489,2.062212773,0.010524729,0.021049459,6.830174815,1.788170753,0.357758711,0.021526161,0.018798517,1.145098881,-0.005427041,-0.010854082,0.559308166,0.00354669,0.00709338,1.305533207,0.000171603,0.000343205,4.24881635,0.809480856,0.006260227,0.012520454,0.590575981,0.181589196,0.324844542,0.119036348,0.025660426,0.361543425,0.18853561,NA,0.152855551,0.215847089,-0.002121357,-0.004242713,0.35460154,-0.019262713,-0.038525426,0.185674485,0.004053299,0.008106599,0.039398918,-0.000732305,-0.00146461,0.048010478,0.003287243,0.006574486,0,0.160125386,-0.010956451,-0.021912903,134.662968,6.625251698,1.913706441,4.587672918,1.339930868,0.267716712,0.02025905,0.018236676,1.110895973,0.592346839,1.259704311,3.054738322,0.75337496,0.341243397,0.124947242,0.181731725,0.067995289,0.016238609,0.183518452,0.139687655,NA,0.160395987,0.113366817,0.177398981,0.137213145,0.022302297,0.029624553,0,0.153172872
925,L224,CTL2,TN,4L WP,4,10.38,11.08,30,NA,NA,,3.645073002,0,0,29.52021455,-5.277588345,-10.55517669,3.6,3.462,5.122,0.46,0.92,133.9087152,10.2032694,1.992047911,-0.140329725,-0.280659449,6.916945593,1.812331896,0.403792422,0.02196773,0.018596561,1.181279155,0.072360548,0.144721096,0.535663568,-0.047289197,-0.094578394,1.30438919,-0.002288034,-0.004576068,3.305631041,0.767746007,-0.083469696,-0.166939393,0.622505821,0.358548268,0.384758326,0.122374912,0.029895824,0.545343653,0.242473891,NA,0.236594525,0.229989467,0.028284756,0.056569512,0.483019626,0.256836172,0.513672345,0.15865249,-0.05404399,-0.108087981,0.044280951,0.009764065,0.019528131,0.026095524,-0.043829909,-0.087659817,0,0.233168396,0.146086019,0.292172038,134.662968,6.625251698,1.913706441,4.587672918,1.339930868,0.267716712,0.02025905,0.018236676,1.110895973,0.592346839,1.259704311,3.054738322,0.75337496,0.341243397,0.124947242,0.181731725,0.067995289,0.016238609,0.183518452,0.139687655,NA,0.160395987,0.113366817,0.177398981,0.137213145,0.022302297,0.029624553,0,0.153172872
1001,L222,YP,SN,1L WP,0.6,11.46,12.16,30,9.48,2.37,,36.76865542,19.87414945,39.7482989,137.7107756,64.1226984,128.2453968,10.31,10.04,5.087,0.048,0.096,136.0420169,10.60892661,2.085497662,0.035020392,0.070040785,7.253868624,1.951816183,0.403364563,0.021817633,0.019632067,1.111326321,-0.031117618,-0.062235237,0.573025974,0.015324065,0.030648129,1.358378854,0.032050593,0.064101187,4.212661618,0.808159425,0.011727596,0.023455193,0.651193343,0.202603615,0.418786233,0.126549526,0.030551139,0.515473926,0.253629416,NA,0.256040593,0.20903608,-0.008329319,-0.016658638,0.508660886,0.053910182,0.107820364,0.191705867,0.011725428,0.023450856,0.041224405,-0.000369318,-0.000738635,0.039474736,0.001453041,0.002906081,0,0.22538156,0.017240802,0.034481603,135.3255103,38.59458742,3.844082412,28.51380935,9.711345813,2.119792731,0.014885588,0.01775268,0.838498069,0.423811363,1.284469147,11.87952797,0.922357403,2.430717978,0.1954155,1.460270908,0.608035273,0.151847053,1.39577564,0.484469853,NA,0.277898731,1.120346267,1.456701973,0.680522703,0.247083291,0.291133795,0,0.212900365
1002,L222,YP,SN,1L WP,0.6,11.47,12.17,30,10.16,2.54,,102.2455044,59.16025883,118.3205177,224.7909833,116.370823,232.741646,10.31,10.04,5.398,0.2346,0.4692,136.7460451,10.88909935,2.017247008,-0.00593,-0.01186,7.561314363,2.036830815,0.454421544,0.021503678,0.019001197,1.13170123,-0.018892673,-0.037785346,0.53864018,-0.005307412,-0.010614825,1.312521662,0.004536278,0.009072556,2.666601653,0.727267891,-0.036807324,-0.073614648,0.6648051,0.446276848,0.394071317,0.135533133,0.034107026,0.434157914,0.359479482,NA,0.454175367,0.239497036,0.009947255,0.019894509,0.394058192,-0.014851435,-0.029702869,0.211732212,0.023741235,0.04748247,0.04295048,0.000666327,0.001332655,0.082636898,0.027350338,0.054700676,0,0.403154569,0.123904607,0.247809213,135.3255103,38.59458742,3.844082412,28.51380935,9.711345813,2.119792731,0.014885588,0.01775268,0.838498069,0.423811363,1.284469147,11.87952797,0.922357403,2.430717978,0.1954155,1.460270908,0.608035273,0.151847053,1.39577564,0.484469853,NA,0.277898731,1.120346267,1.456701973,0.680522703,0.247083291,0.291133795,0,0.212900365
1003,L222,YP,SN,1L WP,0.7,11.49,12.18,29,29.38,7.345,,91.4610822,61.47120644,127.1818064,586.305785,388.8263213,804.4682511,10.31,10.04,17.94,9.0531,18.73055172,135.385101,12.45321255,0.694159005,-0.933079936,-1.930510212,9.146484512,2.627175526,0.706171266,0.020341272,0.016271808,1.250092905,0.060832721,0.125860801,0.764611313,0.151987812,0.314457543,1.490653601,0.129984682,0.268933825,2.654226478,0.726344274,-0.04358841,-0.090182918,0.727597426,0.46895254,0.422233981,0.184503179,0.038261103,0.453545355,0.458456127,NA,0.551233544,0.335873961,0.079068978,0.163590989,0.477730211,0.04124374,0.085331875,0.107492126,-0.045269953,-0.093661971,0.06208502,0.01417156,0.029320469,0.16336605,0.088419134,0.18293614,0,0.489231877,0.20480949,0.423743773,135.3255103,38.59458742,3.844082412,28.51380935,9.711345813,2.119792731,0.014885588,0.01775268,0.838498069,0.423811363,1.284469147,11.87952797,0.922357403,2.430717978,0.1954155,1.460270908,0.608035273,0.151847053,1.39577564,0.484469853,NA,0.277898731,1.120346267,1.456701973,0.680522703,0.247083291,0.291133795,0,0.212900365
1004,L222,YP,SN,1L WP,0.7,11.52,12.19,27,19.55,4.8875,,47.5530776,30.73560322,68.30134049,182.5702766,106.2114654,236.0254788,10.31,10.04,5.264,0.1799,0.399777778,136.4703549,10.47206496,1.989374042,-0.02642941,-0.058732022,7.301765263,1.847520928,0.450919844,0.020186196,0.017035223,1.184968067,0.015245334,0.03387852,0.576395656,0.020236852,0.044970782,1.245675639,-0.041499891,-0.092221981,3.269423516,0.76577634,-0.015985964,-0.035524364,0.645722844,0.273063593,0.37420711,0.130992613,0.032266507,0.443692682,0.312988577,NA,0.313278339,0.236919306,0.00980072,0.021779377,0.432128763,0.009322726,0.020717168,0.172077005,-6.05374E-05,-0.000134527,0.048433199,0.004615285,0.010256189,0.05921601,0.015514106,0.034475792,0,0.291920799,0.066691735,0.148203857,135.3255103,38.59458742,3.844082412,28.51380935,9.711345813,2.119792731,0.014885588,0.01775268,0.838498069,0.423811363,1.284469147,11.87952797,0.922357403,2.430717978,0.1954155,1.460270908,0.608035273,0.151847053,1.39577564,0.484469853,NA,0.277898731,1.120346267,1.456701973,0.680522703,0.247083291,0.291133795,0,0.212900365
1005,L222,YP,SN,1L WP,0.7,11.53,12.24,31,19.65,4.9125,,59.10781565,38.82391985,75.14307069,301.3160143,189.3334819,366.4519004,10.31,10.04,5.602,0.4165,0.806129032,136.0420169,10.5898307,1.890366067,-0.095734993,-0.185293534,7.288676806,1.945528164,0.433420631,0.021700721,0.018430504,1.177435018,0.0099722,0.019301032,0.558700424,0.00785019,0.015193915,1.307344333,0.001668194,0.003228763,3.168919832,0.760129712,-0.019938604,-0.038590846,0.694997718,0.333983168,0.406023103,0.150305538,0.038581466,0.441429714,0.29987604,NA,0.334567114,0.265697291,0.029945309,0.057958662,0.432936744,0.009888313,0.01913867,0.181935792,0.006840613,0.013239897,0.058062233,0.011355609,0.021978598,0.092855466,0.039061726,0.07560334,0,0.310744625,0.079868414,0.154584027,135.3255103,38.59458742,3.844082412,28.51380935,9.711345813,2.119792731,0.014885588,0.01775268,0.838498069,0.423811363,1.284469147,11.87952797,0.922357403,2.430717978,0.1954155,1.460270908,0.608035273,0.151847053,1.39577564,0.484469853,NA,0.277898731,1.120346267,1.456701973,0.680522703,0.247083291,0.291133795,0,0.212900365
1006,L222,YP,SN,1L WP,0.7,11.55,12.25,30,23.84,5.96,,58.33749978,38.28469875,76.56939749,375.2022512,241.0538477,482.1076953,10.31,10.04,5.97,0.6741,1.3482,139.6308737,11.28053262,1.889536451,-0.096315723,-0.192631446,7.786340441,2.01860947,0.464684037,0.018695937,0.017641477,1.05977164,-0.072392165,-0.144784329,0.545199631,-0.001600365,-0.00320073,1.26434599,-0.028430646,-0.056861291,2.485273775,0.713078494,-0.052874456,-0.105748912,0.713878705,0.54918044,0.44987582,0.144616202,0.03829351,0.500814595,0.3635838,NA,0.471454938,0.246198241,0.016295974,0.032591948,0.460379345,0.029098133,0.058196267,0.199641004,0.019234262,0.038468523,0.049374289,0.005274048,0.010548097,0.076059893,0.027304824,0.054609649,0,0.426928212,0.161196925,0.32239385,135.3255103,38.59458742,3.844082412,28.51380935,9.711345813,2.119792731,0.014885588,0.01775268,0.838498069,0.423811363,1.284469147,11.87952797,0.922357403,2.430717978,0.1954155,1.460270908,0.608035273,0.151847053,1.39577564,0.484469853,NA,0.277898731,1.120346267,1.456701973,0.680522703,0.247083291,0.291133795,0,0.212900365
1007,L222,YP,SN,1L WP,0.3,11.55,12.26,31,2.04,0.51,,33.68739194,9.012695681,17.44392712,145.6271581,34.43626395,66.65083346,10.31,10.04,5.772,0.2295,0.444193548,137.2924599,10.52276494,1.823070849,-0.061217848,-0.118486157,7.282468927,1.970474579,0.434066667,0.021108518,0.020338951,1.037837084,-0.03760558,-0.072784994,0.568231574,0.006223712,0.012045894,1.352205982,0.014173435,0.027432455,3.661587097,0.785480786,-0.000939794,-0.001818955,0.64661638,0.238846154,0.372364433,0.135377653,0.033944667,0.490970373,0.268725745,NA,0.235583337,0.251159705,0.008472428,0.016398248,0.457276162,0.011539674,0.022334852,0.159166358,-0.003899139,-0.00754672,0.052597247,0.003227194,0.006246181,0.056248928,0.005758778,0.011146022,0,0.237235912,0.012176706,0.023567819,135.3255103,38.59458742,3.844082412,28.51380935,9.711345813,2.119792731,0.014885588,0.01775268,0.838498069,0.423811363,1.284469147,11.87952797,0.922357403,2.430717978,0.1954155,1.460270908,0.608035273,0.151847053,1.39577564,0.484469853,NA,0.277898731,1.120346267,1.456701973,0.680522703,0.247083291,0.291133795,0,0.212900365
1008,L222,YP,SN,1L WP,0.3,11.56,12.27,31,2.31,0.5775,,22.90296975,5.777369026,11.18200457,259.0953076,68.47670878,132.5355654,10.31,10.04,6.686,0.5037,0.974903226,137.2924599,11.42382917,1.708619379,-0.095553289,-0.184941849,8.110213094,2.279790655,0.530209035,0.020386086,0.017943529,1.136124661,-0.008119307,-0.015714788,0.613681318,0.019858635,0.038436068,1.391494901,0.025960111,0.050245376,2.419076934,0.707523399,-0.02432701,-0.047084535,0.705621519,0.585767419,0.435477884,0.164777066,0.035461016,0.640509935,0.388872222,NA,0.443441951,0.296305471,0.022016158,0.042611918,0.562645485,0.043150471,0.08351704,0.118993174,-0.015951094,-0.030873085,0.056231753,0.004317546,0.00835654,0.070014159,0.009888347,0.019138737,0,0.421745154,0.067529479,0.130702217,135.3255103,38.59458742,3.844082412,28.51380935,9.711345813,2.119792731,0.014885588,0.01775268,0.838498069,0.423811363,1.284469147,11.87952797,0.922357403,2.430717978,0.1954155,1.460270908,0.608035273,0.151847053,1.39577564,0.484469853,NA,0.277898731,1.120346267,1.456701973,0.680522703,0.247083291,0.291133795,0,0.212900365
1009,L222,YP,SN,1L WP,0.3,11.57,12.28,31,2.95,0.7375,,21.36233801,5.315179504,10.2874442,111.3228339,24.14496668,46.73219357,10.31,10.04,4.93,-0.0231,-0.044709677,136.4703549,10.33267216,2.095876705,0.020623909,0.039917243,7.057028935,1.841236017,0.365340189,0.021338699,0.01859372,1.147629377,-0.004667892,-0.00903463,0.517865414,-0.008886136,-0.017198973,1.337127131,0.00964978,0.018676993,3.60505794,0.782847466,-0.00172979,-0.00334798,0.644808165,0.259792384,0.380964977,0.134606225,0.028269509,0.534478028,0.238748101,NA,0.20895256,0.243509394,0.006177335,0.011956131,0.48429994,0.019646807,0.038026078,0.156911184,-0.004575691,-0.008856176,0.047292938,0.001635901,0.00316626,0.041498277,0.001333583,0.002581128,0,0.213765614,0.005135617,0.009939904,135.3255103,38.59458742,3.844082412,28.51380935,9.711345813,2.119792731,0.014885588,0.01775268,0.838498069,0.423811363,1.284469147,11.87952797,0.922357403,2.430717978,0.1954155,1.460270908,0.608035273,0.151847053,1.39577564,0.484469853,NA,0.277898731,1.120346267,1.456701973,0.680522703,0.247083291,0.291133795,0,0.212900365
1010,L222,YP,SN,1L WP,0.3,11.58,12.28,30,3.09,0.7725,,80.67666001,23.1094761,46.21895221,145.6271581,34.43626395,68.87252791,10.31,10.04,4.965,-0.0126,-0.0252,136.1236315,10.24050027,2.062537818,0.010622243,0.021244486,7.061320265,1.813972505,0.384748527,0.02179584,0.017922223,1.216134883,0.015883759,0.031767519,0.580361901,0.00986281,0.01972562,1.315770024,0.003242648,0.006485295,3.903131315,0.796048701,0.002230581,0.004461162,0.626661814,0.209222516,0.355145083,0.130646269,0.033696458,0.373599938,0.223920997,NA,0.190257644,0.234023093,0.003331444,0.006662889,0.388598952,-0.009063489,-0.018126979,0.179627899,0.002239324,0.004478647,0.049784848,0.002383474,0.004766948,0.066244351,0.008757405,0.01751481,0,0.20091529,0.00128052,0.00256104,135.3255103,38.59458742,3.844082412,28.51380935,9.711345813,2.119792731,0.014885588,0.01775268,0.838498069,0.423811363,1.284469147,11.87952797,0.922357403,2.430717978,0.1954155,1.460270908,0.608035273,0.151847053,1.39577564,0.484469853,NA,0.277898731,1.120346267,1.456701973,0.680522703,0.247083291,0.291133795,0,0.212900365
1011,L222,YP,SN,1L WP,0.5,11.58,12.29,31,11.54,2.885,,54.48592043,25.42042371,49.20082009,253.8177192,111.4890538,215.7852654,10.31,10.04,8.75,1.8715,3.622258065,136.1236315,11.76610364,1.344697558,-0.341216392,-0.660418823,8.261513061,2.305628796,0.640160269,0.020221542,0.01723025,1.17360696,0.005208971,0.01008188,0.642368322,0.047441228,0.091821731,1.414182247,0.054610524,0.105697789,2.854512262,0.740563804,-0.024024814,-0.04649964,0.714512341,0.475661888,0.446428485,0.163037978,0.043132249,0.582989174,0.353726051,NA,0.368592463,0.301031605,0.039056663,0.075593542,0.567721066,0.074455242,0.14410692,0.100543086,-0.035810201,-0.069310066,0.060573324,0.009366695,0.018129087,0.098801979,0.030874489,0.059757075,0,0.358708577,0.081030843,0.15683389,135.3255103,38.59458742,3.844082412,28.51380935,9.711345813,2.119792731,0.014885588,0.01775268,0.838498069,0.423811363,1.284469147,11.87952797,0.922357403,2.430717978,0.1954155,1.460270908,0.608035273,0.151847053,1.39577564,0.484469853,NA,0.277898731,1.120346267,1.456701973,0.680522703,0.247083291,0.291133795,0,0.212900365
1012,L222,YP,SN,1L WP,0.4,11.59,12.3,31,6.86,1.715,,503.5800727,199.9739999,387.0464514,177.2926882,58.58123063,113.383027,10.31,10.04,5.239,0.0928,0.179612903,132.998886,10.44445808,1.993597649,-0.013413077,-0.025960794,7.208261598,1.899788962,0.40495541,0.020039676,0.018794725,1.066239371,-0.038779859,-0.075057791,0.393599854,-0.061554405,-0.119137559,1.286824351,-0.007254739,-0.01404143,-9.000286165,1.124995529,0.134552839,0.26042485,0.612484559,0.179183498,0.33818498,0.131412979,0.031216096,0.338073969,0.014793887,NA,-0.370835212,0.223804711,0.000354573,0.00068627,0.288594698,-0.052086354,-0.100812298,0.237294009,0.026052209,0.05042363,0.037864934,-0.00159,-0.00307742,0.086256445,0.019681377,0.038092989,0,0,-0.078658756,-0.152242754,135.3255103,38.59458742,3.844082412,28.51380935,9.711345813,2.119792731,0.014885588,0.01775268,0.838498069,0.423811363,1.284469147,11.87952797,0.922357403,2.430717978,0.1954155,1.460270908,0.608035273,0.151847053,1.39577564,0.484469853,NA,0.277898731,1.120346267,1.456701973,0.680522703,0.247083291,0.291133795,0,0.212900365
1013,L222,YP,SN,1L WP,0.4,12,12.31,31,6.83,1.7075,,35.99833955,12.94130662,25.04769023,190.4866591,63.85881898,123.5977142,10.31,10.04,4.907,-0.04,-0.077419355,132.998886,10.16995311,2.072539864,0.018163809,0.035155759,7.016322292,1.817653519,0.359813795,0.020551436,0.019338708,1.0627099,-0.040191647,-0.077790285,0.392040717,-0.06217806,-0.120344633,1.231402763,-0.029423374,-0.056948466,-8.232188528,1.138270732,0.13986292,0.270702426,0.606728865,0.175979986,0.344921587,0.12885222,0.0295428,0.337994256,0.00988697,NA,-0.398220525,0.220762549,-0.000862292,-0.001668952,0.293368087,-0.050176998,-0.097116771,0.23246431,0.024120329,0.046684508,0.039733957,-0.000842391,-0.001630434,0.085786388,0.019493355,0.037729074,0,0,-0.078658756,-0.152242754,135.3255103,38.59458742,3.844082412,28.51380935,9.711345813,2.119792731,0.014885588,0.01775268,0.838498069,0.423811363,1.284469147,11.87952797,0.922357403,2.430717978,0.1954155,1.460270908,0.608035273,0.151847053,1.39577564,0.484469853,NA,0.277898731,1.120346267,1.456701973,0.680522703,0.247083291,0.291133795,0,0.212900365
1014,L222,YP,SN,1L WP,0.4,12.01,12.31,30,7.6,1.9,,45.24212999,16.63882279,33.27764559,269.6504843,95.52434905,191.0486981,10.31,10.04,10.82,2.3252,4.6504,137.2924599,10.74337028,0.992917771,-0.413685028,-0.827370057,7.447860829,2.1040589,0.557439109,0.019893023,0.017049618,1.166772357,0.001433336,0.002866672,0.571482181,0.009598526,0.019197051,1.266442527,-0.015407469,-0.030814937,4.178208037,0.806883,0.007307828,0.014615655,0.6403939,0.163838602,0.359947264,0.132928659,0.033844772,0.384791628,0.21747914,NA,0.203132491,0.239997984,0.006831882,0.013663765,0.383206151,-0.014241773,-0.028483545,0.190020434,0.007142779,0.014285557,0.055761099,0.005568466,0.011136932,0.074746642,0.015077456,0.030154912,0,0.197538689,0.000356719,0.000713439,135.3255103,38.59458742,3.844082412,28.51380935,9.711345813,2.119792731,0.014885588,0.01775268,0.838498069,0.423811363,1.284469147,11.87952797,0.922357403,2.430717978,0.1954155,1.460270908,0.608035273,0.151847053,1.39577564,0.484469853,NA,0.277898731,1.120346267,1.456701973,0.680522703,0.247083291,0.291133795,0,0.212900365
1015,L222,YP,SN,1L WP,0.4,12.02,12.32,30,4.41,1.1025,,123.0440329,47.75958395,95.5191679,153.5435407,49.08157161,98.16314322,10.31,10.04,4.96,-0.0188,-0.0376,136.4703549,10.04813303,2.025833272,-0.000518828,-0.001037656,6.84412387,1.837621383,0.380764391,0.020820559,0.019207363,1.083988406,-0.031680245,-0.063360489,0.595824795,0.019335571,0.038671142,1.215324583,-0.035854646,-0.071709292,3.50152834,0.777853226,-0.004304082,-0.008608165,0.629927507,0.269473752,0.356739963,0.139762914,0.036061285,0.382796985,0.250112683,NA,0.225785867,0.234229247,0.004524387,0.009048775,0.379573772,-0.015694724,-0.031389448,0.183741408,0.004631169,0.009262337,0.057083689,0.006097502,0.012195004,0.069181262,0.012851304,0.025702609,0,0.230850069,0.013681271,0.027362542,135.3255103,38.59458742,3.844082412,28.51380935,9.711345813,2.119792731,0.014885588,0.01775268,0.838498069,0.423811363,1.284469147,11.87952797,0.922357403,2.430717978,0.1954155,1.460270908,0.608035273,0.151847053,1.39577564,0.484469853,NA,0.277898731,1.120346267,1.456701973,0.680522703,0.247083291,0.291133795,0,0.212900365
